Local Authority,Library,Month,Type,Loans
Cambridgeshire,Arbury Court Library,2019-12,Adult fiction,1
Cambridgeshire,Arbury Court Library,2019-12,Adult fiction hardback,35
Cambridgeshire,Arbury Court Library,2019-12,Adult fiction large print hardback,10
Cambridgeshire,Arbury Court Library,2019-12,Adult fiction large print paperback,7
Cambridgeshire,Arbury Court Library,2019-12,Adult fiction paperback,75
Cambridgeshire,Arbury Court Library,2019-12,Adult non fiction hardback,15
Cambridgeshire,Arbury Court Library,2019-12,Adult non fiction large print hardback,1
Cambridgeshire,Arbury Court Library,2019-12,Adult non fiction paperback,34
Cambridgeshire,Arbury Court Library,2019-12,Children's fiction,8
Cambridgeshire,Arbury Court Library,2019-12,Children's spoken word CD set,2
Cambridgeshire,Arbury Court Library,2019-12,DVD: 12,2
Cambridgeshire,Arbury Court Library,2019-12,DVD: PG,1
Cambridgeshire,Arbury Court Library,2019-12,DVD: U,2
Cambridgeshire,Arbury Court Library,2019-12,Junior fiction,313
Cambridgeshire,Arbury Court Library,2019-12,Junior large print,1
Cambridgeshire,Arbury Court Library,2019-12,Junior non-fiction,30
Cambridgeshire,Arbury Court Library,2019-12,Picture Book,1
Cambridgeshire,Arbury Court Library,2019-12,Teenage,2
Cambridgeshire,Arbury Court Library,2019-12,Young adult,5
Cambridgeshire,Arbury Court Library,2019-12,Young adult fiction paperback,1
Cambridgeshire,Arbury Court Library,2019-12,Young adult plus,1
Cambridgeshire,Arbury Court Library,2020-01,Adult fiction,5
Cambridgeshire,Arbury Court Library,2020-01,Adult fiction hardback,46
Cambridgeshire,Arbury Court Library,2020-01,Adult fiction large print hardback,5
Cambridgeshire,Arbury Court Library,2020-01,Adult fiction large print paperback,9
Cambridgeshire,Arbury Court Library,2020-01,Adult fiction paperback,94
Cambridgeshire,Arbury Court Library,2020-01,Adult non fiction hardback,12
Cambridgeshire,Arbury Court Library,2020-01,Adult non fiction paperback,31
Cambridgeshire,Arbury Court Library,2020-01,Adult non-fiction,3
Cambridgeshire,Arbury Court Library,2020-01,Adult spoken word CD set,6
Cambridgeshire,Arbury Court Library,2020-01,Children's fiction,15
Cambridgeshire,Arbury Court Library,2020-01,Children's non-fiction,4
Cambridgeshire,Arbury Court Library,2020-01,Children's spoken word CD set,9
Cambridgeshire,Arbury Court Library,2020-01,DVD: 12,2
Cambridgeshire,Arbury Court Library,2020-01,DVD: PG,1
Cambridgeshire,Arbury Court Library,2020-01,DVD: U,1
Cambridgeshire,Arbury Court Library,2020-01,Junior fiction,557
Cambridgeshire,Arbury Court Library,2020-01,Junior non-fiction,47
Cambridgeshire,Arbury Court Library,2020-01,Map,3
Cambridgeshire,Arbury Court Library,2020-01,Quick Pick fiction,2
Cambridgeshire,Arbury Court Library,2020-01,Teenage,6
Cambridgeshire,Arbury Court Library,2020-01,Young adult,8
Cambridgeshire,Bar Hill Library,2019-12,Adult fiction,7
Cambridgeshire,Bar Hill Library,2019-12,Adult fiction hardback,24
Cambridgeshire,Bar Hill Library,2019-12,Adult fiction large print paperback,2
Cambridgeshire,Bar Hill Library,2019-12,Adult fiction paperback,65
Cambridgeshire,Bar Hill Library,2019-12,Adult non fiction hardback,5
Cambridgeshire,Bar Hill Library,2019-12,Adult non fiction paperback,14
Cambridgeshire,Bar Hill Library,2019-12,Adult spoken word CD set,4
Cambridgeshire,Bar Hill Library,2019-12,Children's spoken word CD set,3
Cambridgeshire,Bar Hill Library,2019-12,Junior fiction,108
Cambridgeshire,Bar Hill Library,2019-12,Junior non-fiction,11
Cambridgeshire,Bar Hill Library,2019-12,Picture Book,3
Cambridgeshire,Bar Hill Library,2019-12,Quick Pick fiction,1
Cambridgeshire,Bar Hill Library,2020-01,Adult fiction,6
Cambridgeshire,Bar Hill Library,2020-01,Adult fiction hardback,46
Cambridgeshire,Bar Hill Library,2020-01,Adult fiction large print hardback,1
Cambridgeshire,Bar Hill Library,2020-01,Adult fiction paperback,74
Cambridgeshire,Bar Hill Library,2020-01,Adult non fiction hardback,12
Cambridgeshire,Bar Hill Library,2020-01,Adult non fiction paperback,17
Cambridgeshire,Bar Hill Library,2020-01,Adult non-fiction,3
Cambridgeshire,Bar Hill Library,2020-01,Adult spoken word CD set,5
Cambridgeshire,Bar Hill Library,2020-01,Children's fiction,2
Cambridgeshire,Bar Hill Library,2020-01,Children's non-fiction,2
Cambridgeshire,Bar Hill Library,2020-01,Children's spoken word CD set,2
Cambridgeshire,Bar Hill Library,2020-01,DVD: PG,1
Cambridgeshire,Bar Hill Library,2020-01,DVD: U,3
Cambridgeshire,Bar Hill Library,2020-01,Junior fiction,302
Cambridgeshire,Bar Hill Library,2020-01,Junior non-fiction,53
Cambridgeshire,Bar Hill Library,2020-01,Map,3
Cambridgeshire,Bar Hill Library,2020-01,Picture Book,1
Cambridgeshire,Bar Hill Library,2020-01,Quick Pick fiction,3
Cambridgeshire,Bar Hill Library,2020-01,Teenage,3
Cambridgeshire,Barnwell Road Library,2019-12,Adult fiction hardback,4
Cambridgeshire,Barnwell Road Library,2019-12,Adult fiction paperback,26
Cambridgeshire,Barnwell Road Library,2019-12,Adult non fiction hardback,1
Cambridgeshire,Barnwell Road Library,2019-12,Adult non fiction paperback,7
Cambridgeshire,Barnwell Road Library,2019-12,Adult spoken word CD set,2
Cambridgeshire,Barnwell Road Library,2019-12,DVD: 15,1
Cambridgeshire,Barnwell Road Library,2019-12,Junior fiction,119
Cambridgeshire,Barnwell Road Library,2019-12,Junior non-fiction,5
Cambridgeshire,Barnwell Road Library,2019-12,Picture Book,1
Cambridgeshire,Barnwell Road Library,2019-12,Young adult plus,1
Cambridgeshire,Barnwell Road Library,2020-01,Adult fiction hardback,17
Cambridgeshire,Barnwell Road Library,2020-01,Adult fiction large print hardback,1
Cambridgeshire,Barnwell Road Library,2020-01,Adult fiction large print paperback,1
Cambridgeshire,Barnwell Road Library,2020-01,Adult fiction paperback,42
Cambridgeshire,Barnwell Road Library,2020-01,Adult non fiction hardback,7
Cambridgeshire,Barnwell Road Library,2020-01,Adult non fiction paperback,14
Cambridgeshire,Barnwell Road Library,2020-01,Adult non-fiction,4
Cambridgeshire,Barnwell Road Library,2020-01,Adult spoken word CD set,1
Cambridgeshire,Barnwell Road Library,2020-01,Children's fiction,1
Cambridgeshire,Barnwell Road Library,2020-01,Children's non-fiction,2
Cambridgeshire,Barnwell Road Library,2020-01,Children's spoken word CD set,1
Cambridgeshire,Barnwell Road Library,2020-01,DVD: PG,1
Cambridgeshire,Barnwell Road Library,2020-01,DVD: U,1
Cambridgeshire,Barnwell Road Library,2020-01,Inter-library loan,1
Cambridgeshire,Barnwell Road Library,2020-01,Junior fiction,173
Cambridgeshire,Barnwell Road Library,2020-01,Junior large print,1
Cambridgeshire,Barnwell Road Library,2020-01,Junior non-fiction,22
Cambridgeshire,Barnwell Road Library,2020-01,Teenage,6
Cambridgeshire,Barnwell Road Library,2020-01,Young adult,6
Cambridgeshire,Bassingbourn Library Access Point,2019-12,Adult fiction paperback,38
Cambridgeshire,Bassingbourn Library Access Point,2019-12,Junior fiction,5
Cambridgeshire,Bassingbourn Library Access Point,2019-12,Junior non-fiction,1
Cambridgeshire,Bassingbourn Library Access Point,2020-01,Adult fiction,3
Cambridgeshire,Bassingbourn Library Access Point,2020-01,Adult fiction hardback,3
Cambridgeshire,Bassingbourn Library Access Point,2020-01,Adult fiction paperback,28
Cambridgeshire,Bassingbourn Library Access Point,2020-01,Adult non fiction hardback,3
Cambridgeshire,Bassingbourn Library Access Point,2020-01,Adult non fiction paperback,4
Cambridgeshire,Bassingbourn Library Access Point,2020-01,Children's fiction,1
Cambridgeshire,Bassingbourn Library Access Point,2020-01,Junior fiction,35
Cambridgeshire,Bassingbourn Library Access Point,2020-01,Junior large print,3
Cambridgeshire,Bassingbourn Library Access Point,2020-01,Junior non-fiction,2
Cambridgeshire,Bassingbourn Library Access Point,2020-01,Teenage,1
Cambridgeshire,Bassingbourn Library Access Point,2020-01,Young adult,1
Cambridgeshire,Bottisham Library Access Point,2019-12,Young adult,1
Cambridgeshire,Bottisham Library Access Point,2020-01,Adult fiction,1
Cambridgeshire,Bottisham Library Access Point,2020-01,Adult fiction hardback,5
Cambridgeshire,Bottisham Library Access Point,2020-01,Adult fiction paperback,29
Cambridgeshire,Bottisham Library Access Point,2020-01,Adult non fiction hardback,8
Cambridgeshire,Bottisham Library Access Point,2020-01,Adult non fiction large print paperback,1
Cambridgeshire,Bottisham Library Access Point,2020-01,Adult non fiction paperback,2
Cambridgeshire,Bottisham Library Access Point,2020-01,Adult non-fiction,1
Cambridgeshire,Bottisham Library Access Point,2020-01,Bott village college fiction,10
Cambridgeshire,Bottisham Library Access Point,2020-01,Bott village college non-fiction,16
Cambridgeshire,Bottisham Library Access Point,2020-01,Children's fiction,17
Cambridgeshire,Bottisham Library Access Point,2020-01,Children's non-fiction,3
Cambridgeshire,Bottisham Library Access Point,2020-01,Children's spoken word CD set,1
Cambridgeshire,Bottisham Library Access Point,2020-01,Junior fiction,203
Cambridgeshire,Bottisham Library Access Point,2020-01,Junior non-fiction,24
Cambridgeshire,Bottisham Library Access Point,2020-01,Picture Book,30
Cambridgeshire,Bottisham Library Access Point,2020-01,Quick Pick fiction,2
Cambridgeshire,Bottisham Library Access Point,2020-01,Teenage,6
Cambridgeshire,Bottisham Library Access Point,2020-01,Young adult,23
Cambridgeshire,Bottisham Library Access Point,2020-01,Young adult plus,15
Cambridgeshire,Brampton Community Library,2019-12,Adult fiction,2
Cambridgeshire,Brampton Community Library,2019-12,Adult fiction hardback,1
Cambridgeshire,Brampton Community Library,2019-12,Adult fiction paperback,10
Cambridgeshire,Brampton Community Library,2019-12,Adult non fiction hardback,1
Cambridgeshire,Brampton Community Library,2019-12,Adult non fiction paperback,5
Cambridgeshire,Brampton Community Library,2019-12,Children's fiction,2
Cambridgeshire,Brampton Community Library,2019-12,Junior fiction,9
Cambridgeshire,Brampton Community Library,2020-01,Adult fiction,1
Cambridgeshire,Brampton Community Library,2020-01,Adult fiction hardback,2
Cambridgeshire,Brampton Community Library,2020-01,Adult fiction paperback,22
Cambridgeshire,Brampton Community Library,2020-01,Adult non fiction hardback,2
Cambridgeshire,Brampton Community Library,2020-01,Adult non fiction paperback,3
Cambridgeshire,Brampton Community Library,2020-01,Adult non-fiction,1
Cambridgeshire,Brampton Community Library,2020-01,Children's fiction,2
Cambridgeshire,Brampton Community Library,2020-01,Junior fiction,49
Cambridgeshire,Brampton Community Library,2020-01,Junior non-fiction,14
Cambridgeshire,Brampton Community Library,2020-01,Picture Book,4
Cambridgeshire,Buckden Library,2019-12,Adult fiction,5
Cambridgeshire,Buckden Library,2019-12,Adult fiction hardback,16
Cambridgeshire,Buckden Library,2019-12,Adult fiction large print hardback,2
Cambridgeshire,Buckden Library,2019-12,Adult fiction large print paperback,5
Cambridgeshire,Buckden Library,2019-12,Adult fiction paperback,53
Cambridgeshire,Buckden Library,2019-12,Adult non fiction paperback,6
Cambridgeshire,Buckden Library,2019-12,Adult non-fiction,1
Cambridgeshire,Buckden Library,2019-12,Junior fiction,51
Cambridgeshire,Buckden Library,2019-12,Junior non-fiction,14
Cambridgeshire,Buckden Library,2019-12,Quick Pick fiction,1
Cambridgeshire,Buckden Library,2020-01,Adult fiction,4
Cambridgeshire,Buckden Library,2020-01,Adult fiction hardback,25
Cambridgeshire,Buckden Library,2020-01,Adult fiction large print hardback,3
Cambridgeshire,Buckden Library,2020-01,Adult fiction large print paperback,3
Cambridgeshire,Buckden Library,2020-01,Adult fiction paperback,72
Cambridgeshire,Buckden Library,2020-01,Adult non fiction hardback,5
Cambridgeshire,Buckden Library,2020-01,Adult non fiction large print paperback,1
Cambridgeshire,Buckden Library,2020-01,Adult non fiction paperback,12
Cambridgeshire,Buckden Library,2020-01,Adult non-fiction,1
Cambridgeshire,Buckden Library,2020-01,Children's fiction,1
Cambridgeshire,Buckden Library,2020-01,Children's spoken word CD set,1
Cambridgeshire,Buckden Library,2020-01,Junior fiction,102
Cambridgeshire,Buckden Library,2020-01,Junior non-fiction,1
Cambridgeshire,Buckden Library,2020-01,Quick Pick fiction,3
Cambridgeshire,Buckden Library,2020-01,Teenage,3
Cambridgeshire,Burwell Library,2019-12,Adult fiction,16
Cambridgeshire,Burwell Library,2019-12,Adult fiction hardback,22
Cambridgeshire,Burwell Library,2019-12,Adult fiction large print hardback,2
Cambridgeshire,Burwell Library,2019-12,Adult fiction paperback,86
Cambridgeshire,Burwell Library,2019-12,Adult non fiction hardback,6
Cambridgeshire,Burwell Library,2019-12,Adult non fiction paperback,6
Cambridgeshire,Burwell Library,2019-12,Adult non-fiction,3
Cambridgeshire,Burwell Library,2019-12,Adult spoken word CD set,6
Cambridgeshire,Burwell Library,2019-12,Children's spoken word CD set,5
Cambridgeshire,Burwell Library,2019-12,Junior fiction,60
Cambridgeshire,Burwell Library,2019-12,Junior non-fiction,17
Cambridgeshire,Burwell Library,2019-12,Quick Pick fiction,12
Cambridgeshire,Burwell Library,2019-12,Teenage,2
Cambridgeshire,Burwell Library,2020-01,Adult fiction,16
Cambridgeshire,Burwell Library,2020-01,Adult fiction hardback,18
Cambridgeshire,Burwell Library,2020-01,Adult fiction large print hardback,9
Cambridgeshire,Burwell Library,2020-01,Adult fiction large print paperback,6
Cambridgeshire,Burwell Library,2020-01,Adult fiction paperback,53
Cambridgeshire,Burwell Library,2020-01,Adult non fiction hardback,14
Cambridgeshire,Burwell Library,2020-01,Adult non fiction paperback,7
Cambridgeshire,Burwell Library,2020-01,Adult non-fiction,1
Cambridgeshire,Burwell Library,2020-01,Adult spoken word CD set,1
Cambridgeshire,Burwell Library,2020-01,Children's spoken word CD set,2
Cambridgeshire,Burwell Library,2020-01,DVD: PG,1
Cambridgeshire,Burwell Library,2020-01,DVD: U,4
Cambridgeshire,Burwell Library,2020-01,Junior fiction,148
Cambridgeshire,Burwell Library,2020-01,Junior large print,2
Cambridgeshire,Burwell Library,2020-01,Junior non-fiction,13
Cambridgeshire,Burwell Library,2020-01,Lending,1
Cambridgeshire,Burwell Library,2020-01,Picture Book,1
Cambridgeshire,Burwell Library,2020-01,Quick Pick fiction,12
Cambridgeshire,Burwell Library,2020-01,Teenage,1
Cambridgeshire,Burwell Library,2020-01,Young adult,1
Cambridgeshire,Cambourne Library,2019-12,Adult fiction,6
Cambridgeshire,Cambourne Library,2019-12,Adult fiction hardback,40
Cambridgeshire,Cambourne Library,2019-12,Adult fiction large print hardback,9
Cambridgeshire,Cambourne Library,2019-12,Adult fiction large print paperback,2
Cambridgeshire,Cambourne Library,2019-12,Adult fiction paperback,96
Cambridgeshire,Cambourne Library,2019-12,Adult non fiction hardback,19
Cambridgeshire,Cambourne Library,2019-12,Adult non fiction paperback,23
Cambridgeshire,Cambourne Library,2019-12,Adult non-fiction,1
Cambridgeshire,Cambourne Library,2019-12,Adult spoken word CD,1
Cambridgeshire,Cambourne Library,2019-12,Adult spoken word CD set,1
Cambridgeshire,Cambourne Library,2019-12,Children's fiction,2
Cambridgeshire,Cambourne Library,2019-12,Children's spoken word CD set,15
Cambridgeshire,Cambourne Library,2019-12,DVD: 12,1
Cambridgeshire,Cambourne Library,2019-12,DVD: 15,2
Cambridgeshire,Cambourne Library,2019-12,DVD: 18,1
Cambridgeshire,Cambourne Library,2019-12,DVD: PG,2
Cambridgeshire,Cambourne Library,2019-12,DVD: U,3
Cambridgeshire,Cambourne Library,2019-12,Junior fiction,453
Cambridgeshire,Cambourne Library,2019-12,Junior non-fiction,43
Cambridgeshire,Cambourne Library,2019-12,Music score,1
Cambridgeshire,Cambourne Library,2019-12,Teenage,4
Cambridgeshire,Cambourne Library,2019-12,Young adult,1
Cambridgeshire,Cambourne Library,2020-01,Adult fiction,8
Cambridgeshire,Cambourne Library,2020-01,Adult fiction hardback,43
Cambridgeshire,Cambourne Library,2020-01,Adult fiction large print hardback,15
Cambridgeshire,Cambourne Library,2020-01,Adult fiction large print paperback,5
Cambridgeshire,Cambourne Library,2020-01,Adult fiction paperback,149
Cambridgeshire,Cambourne Library,2020-01,Adult non fiction hardback,13
Cambridgeshire,Cambourne Library,2020-01,Adult non fiction paperback,31
Cambridgeshire,Cambourne Library,2020-01,Adult non-fiction,3
Cambridgeshire,Cambourne Library,2020-01,Adult spoken word CD,1
Cambridgeshire,Cambourne Library,2020-01,Adult spoken word CD set,4
Cambridgeshire,Cambourne Library,2020-01,Children's fiction,5
Cambridgeshire,Cambourne Library,2020-01,Children's non-fiction,2
Cambridgeshire,Cambourne Library,2020-01,Children's spoken word CD set,12
Cambridgeshire,Cambourne Library,2020-01,DVD: 12,4
Cambridgeshire,Cambourne Library,2020-01,DVD: 15,3
Cambridgeshire,Cambourne Library,2020-01,DVD: PG,5
Cambridgeshire,Cambourne Library,2020-01,DVD: U,4
Cambridgeshire,Cambourne Library,2020-01,Junior fiction,484
Cambridgeshire,Cambourne Library,2020-01,Junior non-fiction,86
Cambridgeshire,Cambourne Library,2020-01,Picture Book,1
Cambridgeshire,Cambourne Library,2020-01,Teenage,7
Cambridgeshire,Cambourne Library,2020-01,Young adult,5
Cambridgeshire,Cambridge Central Library,2019-12,Adult fiction,12
Cambridgeshire,Cambridge Central Library,2019-12,Adult fiction hardback,158
Cambridgeshire,Cambridge Central Library,2019-12,Adult fiction large print hardback,2
Cambridgeshire,Cambridge Central Library,2019-12,Adult fiction large print paperback,14
Cambridgeshire,Cambridge Central Library,2019-12,Adult fiction paperback,373
Cambridgeshire,Cambridge Central Library,2019-12,Adult non fiction hardback,131
Cambridgeshire,Cambridge Central Library,2019-12,Adult non fiction large print hardback,1
Cambridgeshire,Cambridge Central Library,2019-12,Adult non fiction large print paperback,3
Cambridgeshire,Cambridge Central Library,2019-12,Adult non fiction paperback,289
Cambridgeshire,Cambridge Central Library,2019-12,Adult non-fiction,37
Cambridgeshire,Cambridge Central Library,2019-12,Adult spoken word CD,2
Cambridgeshire,Cambridge Central Library,2019-12,Adult spoken word CD set,15
Cambridgeshire,Cambridge Central Library,2019-12,Blu-Ray:18,1
Cambridgeshire,Cambridge Central Library,2019-12,CD,5
Cambridgeshire,Cambridge Central Library,2019-12,Children's fiction,19
Cambridgeshire,Cambridge Central Library,2019-12,Children's spoken word CD set,21
Cambridgeshire,Cambridge Central Library,2019-12,Devices and electronics,1
Cambridgeshire,Cambridge Central Library,2019-12,DVD: 12,19
Cambridgeshire,Cambridge Central Library,2019-12,DVD: 15,22
Cambridgeshire,Cambridge Central Library,2019-12,DVD: 18,1
Cambridgeshire,Cambridge Central Library,2019-12,DVD: PG,8
Cambridgeshire,Cambridge Central Library,2019-12,DVD: U,12
Cambridgeshire,Cambridge Central Library,2019-12,Junior fiction,"1,034"
Cambridgeshire,Cambridge Central Library,2019-12,Junior large print,5
Cambridgeshire,Cambridge Central Library,2019-12,Junior non-fiction,140
Cambridgeshire,Cambridge Central Library,2019-12,Map,2
Cambridgeshire,Cambridge Central Library,2019-12,Music score,11
Cambridgeshire,Cambridge Central Library,2019-12,Picture Book,3
Cambridgeshire,Cambridge Central Library,2019-12,Teenage,59
Cambridgeshire,Cambridge Central Library,2019-12,Young adult,25
Cambridgeshire,Cambridge Central Library,2019-12,Young adult plus,13
Cambridgeshire,Cambridge Central Library,2020-01,Adult fiction,35
Cambridgeshire,Cambridge Central Library,2020-01,Adult fiction hardback,299
Cambridgeshire,Cambridge Central Library,2020-01,Adult fiction large print hardback,15
Cambridgeshire,Cambridge Central Library,2020-01,Adult fiction large print paperback,15
Cambridgeshire,Cambridge Central Library,2020-01,Adult fiction paperback,716
Cambridgeshire,Cambridge Central Library,2020-01,Adult non fiction hardback,325
Cambridgeshire,Cambridge Central Library,2020-01,Adult non fiction large print hardback,3
Cambridgeshire,Cambridge Central Library,2020-01,Adult non fiction large print paperback,2
Cambridgeshire,Cambridge Central Library,2020-01,Adult non fiction paperback,597
Cambridgeshire,Cambridge Central Library,2020-01,Adult non-fiction,45
Cambridgeshire,Cambridge Central Library,2020-01,Adult spoken word cassette,1
Cambridgeshire,Cambridge Central Library,2020-01,Adult spoken word cassette set,2
Cambridgeshire,Cambridge Central Library,2020-01,Adult spoken word CD,3
Cambridgeshire,Cambridge Central Library,2020-01,Adult spoken word CD set,51
Cambridgeshire,Cambridge Central Library,2020-01,CD,5
Cambridgeshire,Cambridge Central Library,2020-01,Children's fiction,41
Cambridgeshire,Cambridge Central Library,2020-01,Children's non-fiction,1
Cambridgeshire,Cambridge Central Library,2020-01,Children's spoken word CD set,35
Cambridgeshire,Cambridge Central Library,2020-01,Devices and electronics,2
Cambridgeshire,Cambridge Central Library,2020-01,DVD short,1
Cambridgeshire,Cambridge Central Library,2020-01,DVD: 12,22
Cambridgeshire,Cambridge Central Library,2020-01,DVD: 15,24
Cambridgeshire,Cambridge Central Library,2020-01,DVD: 18,1
Cambridgeshire,Cambridge Central Library,2020-01,DVD: PG,11
Cambridgeshire,Cambridge Central Library,2020-01,DVD: U,25
Cambridgeshire,Cambridge Central Library,2020-01,Junior fiction,"1,779"
Cambridgeshire,Cambridge Central Library,2020-01,Junior fiction paperback,1
Cambridgeshire,Cambridge Central Library,2020-01,Junior large print,12
Cambridgeshire,Cambridge Central Library,2020-01,Junior non-fiction,318
Cambridgeshire,Cambridge Central Library,2020-01,Map,23
Cambridgeshire,Cambridge Central Library,2020-01,Music score,31
Cambridgeshire,Cambridge Central Library,2020-01,Picture Book,8
Cambridgeshire,Cambridge Central Library,2020-01,Quick Pick fiction,1
Cambridgeshire,Cambridge Central Library,2020-01,Quick Pick non-fiction,1
Cambridgeshire,Cambridge Central Library,2020-01,Teenage,56
Cambridgeshire,Cambridge Central Library,2020-01,Young adult,20
Cambridgeshire,Cambridge Central Library,2020-01,Young adult plus,12
Cambridgeshire,Cambridge Central Library,2020-01,Adult fiction hardback,18
Cambridgeshire,Cambridge Central Library,2020-01,Adult fiction large print paperback,2
Cambridgeshire,Cambridge Central Library,2020-01,Adult fiction paperback,48
Cambridgeshire,Cambridge Central Library,2020-01,Adult non fiction hardback,31
Cambridgeshire,Cambridge Central Library,2020-01,Adult non fiction paperback,49
Cambridgeshire,Cambridge Central Library,2020-01,Adult non-fiction,6
Cambridgeshire,Cambridge Central Library,2020-01,Adult spoken word cassette set,1
Cambridgeshire,Cambridge Central Library,2020-01,Children's fiction,8
Cambridgeshire,Cambridge Central Library,2020-01,Children's non-fiction,1
Cambridgeshire,Cambridge Central Library,2020-01,DVD: 12,1
Cambridgeshire,Cambridge Central Library,2020-01,DVD: PG,4
Cambridgeshire,Cambridge Central Library,2020-01,DVD: U,2
Cambridgeshire,Cambridge Central Library,2020-01,Junior fiction,303
Cambridgeshire,Cambridge Central Library,2020-01,Junior large print,1
Cambridgeshire,Cambridge Central Library,2020-01,Junior non-fiction,80
Cambridgeshire,Cambridge Central Library,2020-01,Music score,2
Cambridgeshire,Cambridge Central Library,2020-01,Picture Book,1
Cambridgeshire,Cambridge Central Library,2020-01,Teenage,11
Cambridgeshire,Cambridge Central Library,2020-01,Young adult,6
Cambridgeshire,Cambridge Central Library,2020-01,Young adult plus,2
Cambridgeshire,Cambridgeshire Collection,2020-01,Adult fiction hardback,1
Cambridgeshire,Cambridgeshire Collection,2020-01,Adult non fiction hardback,1
Cambridgeshire,Cambridgeshire Collection,2020-01,Adult non-fiction,1
Cambridgeshire,Cambridgeshire Libraries,2019-12,Adult e-audio,11
Cambridgeshire,Cambridgeshire Libraries,2019-12,Adult e-books,10
Cambridgeshire,Cambridgeshire Libraries,2019-12,Adult fiction,68
Cambridgeshire,Cambridgeshire Libraries,2019-12,Adult fiction hardback,344
Cambridgeshire,Cambridgeshire Libraries,2019-12,Adult fiction large print hardback,26
Cambridgeshire,Cambridgeshire Libraries,2019-12,Adult fiction large print paperback,24
Cambridgeshire,Cambridgeshire Libraries,2019-12,Adult fiction paperback,"1,007"
Cambridgeshire,Cambridgeshire Libraries,2019-12,Adult non fiction hardback,274
Cambridgeshire,Cambridgeshire Libraries,2019-12,Adult non fiction large print hardback,2
Cambridgeshire,Cambridgeshire Libraries,2019-12,Adult non fiction paperback,533
Cambridgeshire,Cambridgeshire Libraries,2019-12,Adult non-fiction,60
Cambridgeshire,Cambridgeshire Libraries,2019-12,Adult spoken word CD set,12
Cambridgeshire,Cambridgeshire Libraries,2019-12,Bott village college fiction,1
Cambridgeshire,Cambridgeshire Libraries,2019-12,Bott village college non-fiction,1
Cambridgeshire,Cambridgeshire Libraries,2019-12,CD,1
Cambridgeshire,Cambridgeshire Libraries,2019-12,Children's fiction,32
Cambridgeshire,Cambridgeshire Libraries,2019-12,Children's non-fiction,12
Cambridgeshire,Cambridgeshire Libraries,2019-12,Children's spoken word CD set,34
Cambridgeshire,Cambridgeshire Libraries,2019-12,Devices and electronics,3
Cambridgeshire,Cambridgeshire Libraries,2019-12,DVD: 15,1
Cambridgeshire,Cambridgeshire Libraries,2019-12,DVD: PG,1
Cambridgeshire,Cambridgeshire Libraries,2019-12,Junior fiction,"2,530"
Cambridgeshire,Cambridgeshire Libraries,2019-12,Junior fiction hardback,1
Cambridgeshire,Cambridgeshire Libraries,2019-12,Junior large print,2
Cambridgeshire,Cambridgeshire Libraries,2019-12,Junior non-fiction,417
Cambridgeshire,Cambridgeshire Libraries,2019-12,Map,9
Cambridgeshire,Cambridgeshire Libraries,2019-12,Music score,7
Cambridgeshire,Cambridgeshire Libraries,2019-12,Picture Book,17
Cambridgeshire,Cambridgeshire Libraries,2019-12,Quick Pick fiction,20
Cambridgeshire,Cambridgeshire Libraries,2019-12,Quick Pick non-fiction,1
Cambridgeshire,Cambridgeshire Libraries,2019-12,Teenage,88
Cambridgeshire,Cambridgeshire Libraries,2019-12,Young adult,42
Cambridgeshire,Cambridgeshire Libraries,2019-12,Young adult plus,20
Cambridgeshire,Cambridgeshire Libraries,2020-01,Adult e-audio,7
Cambridgeshire,Cambridgeshire Libraries,2020-01,Adult e-books,24
Cambridgeshire,Cambridgeshire Libraries,2020-01,Adult fiction,108
Cambridgeshire,Cambridgeshire Libraries,2020-01,Adult fiction hardback,445
Cambridgeshire,Cambridgeshire Libraries,2020-01,Adult fiction large print hardback,28
Cambridgeshire,Cambridgeshire Libraries,2020-01,Adult fiction large print paperback,28
Cambridgeshire,Cambridgeshire Libraries,2020-01,Adult fiction paperback,"1,243"
Cambridgeshire,Cambridgeshire Libraries,2020-01,Adult non fiction hardback,370
Cambridgeshire,Cambridgeshire Libraries,2020-01,Adult non fiction large print hardback,3
Cambridgeshire,Cambridgeshire Libraries,2020-01,Adult non fiction large print paperback,3
Cambridgeshire,Cambridgeshire Libraries,2020-01,Adult non fiction paperback,704
Cambridgeshire,Cambridgeshire Libraries,2020-01,Adult non-fiction,61
Cambridgeshire,Cambridgeshire Libraries,2020-01,Adult spoken word CD,2
Cambridgeshire,Cambridgeshire Libraries,2020-01,Adult spoken word CD set,16
Cambridgeshire,Cambridgeshire Libraries,2020-01,Bott village college fiction,3
Cambridgeshire,Cambridgeshire Libraries,2020-01,Bott village college non-fiction,4
Cambridgeshire,Cambridgeshire Libraries,2020-01,Children's fiction,49
Cambridgeshire,Cambridgeshire Libraries,2020-01,Children's non-fiction,5
Cambridgeshire,Cambridgeshire Libraries,2020-01,Children's spoken word CD set,51
Cambridgeshire,Cambridgeshire Libraries,2020-01,Devices and electronics,1
Cambridgeshire,Cambridgeshire Libraries,2020-01,DVD: 12,4
Cambridgeshire,Cambridgeshire Libraries,2020-01,DVD: 15,1
Cambridgeshire,Cambridgeshire Libraries,2020-01,DVD: PG,3
Cambridgeshire,Cambridgeshire Libraries,2020-01,DVD: U,1
Cambridgeshire,Cambridgeshire Libraries,2020-01,Junior fiction,"3,069"
Cambridgeshire,Cambridgeshire Libraries,2020-01,Junior fiction paperback,1
Cambridgeshire,Cambridgeshire Libraries,2020-01,Junior large print,4
Cambridgeshire,Cambridgeshire Libraries,2020-01,Junior non-fiction,416
Cambridgeshire,Cambridgeshire Libraries,2020-01,Map,9
Cambridgeshire,Cambridgeshire Libraries,2020-01,Music score,8
Cambridgeshire,Cambridgeshire Libraries,2020-01,Picture Book,24
Cambridgeshire,Cambridgeshire Libraries,2020-01,Quick Pick fiction,15
Cambridgeshire,Cambridgeshire Libraries,2020-01,Quick Pick non-fiction,1
Cambridgeshire,Cambridgeshire Libraries,2020-01,Reference- Local history,1
Cambridgeshire,Cambridgeshire Libraries,2020-01,Teenage,142
Cambridgeshire,Cambridgeshire Libraries,2020-01,Young adult,57
Cambridgeshire,Cambridgeshire Libraries,2020-01,Young adult plus,31
Cambridgeshire,Cambridgeshire Libraries,2020-01,Adult e-books,3
Cambridgeshire,Cambridgeshire Libraries,2020-01,Adult fiction,13
Cambridgeshire,Cambridgeshire Libraries,2020-01,Adult fiction hardback,65
Cambridgeshire,Cambridgeshire Libraries,2020-01,Adult fiction large print hardback,6
Cambridgeshire,Cambridgeshire Libraries,2020-01,Adult fiction large print paperback,4
Cambridgeshire,Cambridgeshire Libraries,2020-01,Adult fiction paperback,188
Cambridgeshire,Cambridgeshire Libraries,2020-01,Adult non fiction hardback,54
Cambridgeshire,Cambridgeshire Libraries,2020-01,Adult non fiction paperback,105
Cambridgeshire,Cambridgeshire Libraries,2020-01,Adult non-fiction,4
Cambridgeshire,Cambridgeshire Libraries,2020-01,Adult spoken word CD set,1
Cambridgeshire,Cambridgeshire Libraries,2020-01,Children's fiction,8
Cambridgeshire,Cambridgeshire Libraries,2020-01,Children's non-fiction,2
Cambridgeshire,Cambridgeshire Libraries,2020-01,Children's spoken word CD set,10
Cambridgeshire,Cambridgeshire Libraries,2020-01,Junior fiction,447
Cambridgeshire,Cambridgeshire Libraries,2020-01,Junior large print,1
Cambridgeshire,Cambridgeshire Libraries,2020-01,Junior non-fiction,69
Cambridgeshire,Cambridgeshire Libraries,2020-01,Picture Book,7
Cambridgeshire,Cambridgeshire Libraries,2020-01,Quick Pick fiction,10
Cambridgeshire,Cambridgeshire Libraries,2020-01,Teenage,29
Cambridgeshire,Cambridgeshire Libraries,2020-01,Young adult,8
Cambridgeshire,Cambridgeshire Libraries,2020-01,Young adult plus,1
Cambridgeshire,Chatteris Library,2019-12,Adult fiction,6
Cambridgeshire,Chatteris Library,2019-12,Adult fiction hardback,46
Cambridgeshire,Chatteris Library,2019-12,Adult fiction large print hardback,2
Cambridgeshire,Chatteris Library,2019-12,Adult fiction large print paperback,1
Cambridgeshire,Chatteris Library,2019-12,Adult fiction paperback,64
Cambridgeshire,Chatteris Library,2019-12,Adult non fiction hardback,2
Cambridgeshire,Chatteris Library,2019-12,Adult non fiction paperback,6
Cambridgeshire,Chatteris Library,2019-12,Adult spoken word cassette,1
Cambridgeshire,Chatteris Library,2019-12,Adult spoken word cassette set,2
Cambridgeshire,Chatteris Library,2019-12,Adult spoken word CD set,3
Cambridgeshire,Chatteris Library,2019-12,Children's spoken word CD set,1
Cambridgeshire,Chatteris Library,2019-12,Junior fiction,63
Cambridgeshire,Chatteris Library,2019-12,Junior non-fiction,3
Cambridgeshire,Chatteris Library,2019-12,Quick Pick fiction,1
Cambridgeshire,Chatteris Library,2019-12,Teenage,1
Cambridgeshire,Chatteris Library,2019-12,Young adult,1
Cambridgeshire,Chatteris Library,2020-01,Adult fiction,5
Cambridgeshire,Chatteris Library,2020-01,Adult fiction hardback,44
Cambridgeshire,Chatteris Library,2020-01,Adult fiction large print hardback,14
Cambridgeshire,Chatteris Library,2020-01,Adult fiction large print paperback,1
Cambridgeshire,Chatteris Library,2020-01,Adult fiction paperback,94
Cambridgeshire,Chatteris Library,2020-01,Adult non fiction hardback,11
Cambridgeshire,Chatteris Library,2020-01,Adult non fiction large print hardback,2
Cambridgeshire,Chatteris Library,2020-01,Adult non fiction paperback,19
Cambridgeshire,Chatteris Library,2020-01,Adult spoken word cassette set,3
Cambridgeshire,Chatteris Library,2020-01,Adult spoken word CD set,1
Cambridgeshire,Chatteris Library,2020-01,Children's fiction,1
Cambridgeshire,Chatteris Library,2020-01,DVD: PG,2
Cambridgeshire,Chatteris Library,2020-01,DVD: U,3
Cambridgeshire,Chatteris Library,2020-01,Junior fiction,93
Cambridgeshire,Chatteris Library,2020-01,Junior non-fiction,4
Cambridgeshire,Chatteris Library,2020-01,Picture Book,1
Cambridgeshire,Chatteris Library,2020-01,Quick Pick fiction,3
Cambridgeshire,Chatteris Library,2020-01,Teenage,2
Cambridgeshire,Cherry Hinton Library,2019-12,Adult fiction,3
Cambridgeshire,Cherry Hinton Library,2019-12,Adult fiction hardback,25
Cambridgeshire,Cherry Hinton Library,2019-12,Adult fiction paperback,82
Cambridgeshire,Cherry Hinton Library,2019-12,Adult non fiction hardback,13
Cambridgeshire,Cherry Hinton Library,2019-12,Adult non fiction paperback,25
Cambridgeshire,Cherry Hinton Library,2019-12,Adult non-fiction,1
Cambridgeshire,Cherry Hinton Library,2019-12,Adult spoken word CD,1
Cambridgeshire,Cherry Hinton Library,2019-12,Adult spoken word CD set,3
Cambridgeshire,Cherry Hinton Library,2019-12,Children's fiction,1
Cambridgeshire,Cherry Hinton Library,2019-12,Children's non-fiction,2
Cambridgeshire,Cherry Hinton Library,2019-12,Children's spoken word CD set,1
Cambridgeshire,Cherry Hinton Library,2019-12,DVD: 15,1
Cambridgeshire,Cherry Hinton Library,2019-12,DVD: PG,1
Cambridgeshire,Cherry Hinton Library,2019-12,Junior fiction,398
Cambridgeshire,Cherry Hinton Library,2019-12,Junior non-fiction,45
Cambridgeshire,Cherry Hinton Library,2019-12,Map,1
Cambridgeshire,Cherry Hinton Library,2019-12,Teenage,17
Cambridgeshire,Cherry Hinton Library,2019-12,Young adult,5
Cambridgeshire,Cherry Hinton Library,2019-12,Young adult plus,1
Cambridgeshire,Cherry Hinton Library,2020-01,Adult fiction,12
Cambridgeshire,Cherry Hinton Library,2020-01,Adult fiction hardback,49
Cambridgeshire,Cherry Hinton Library,2020-01,Adult fiction large print hardback,3
Cambridgeshire,Cherry Hinton Library,2020-01,Adult fiction large print paperback,3
Cambridgeshire,Cherry Hinton Library,2020-01,Adult fiction paperback,110
Cambridgeshire,Cherry Hinton Library,2020-01,Adult non fiction hardback,19
Cambridgeshire,Cherry Hinton Library,2020-01,Adult non fiction large print hardback,1
Cambridgeshire,Cherry Hinton Library,2020-01,Adult non fiction paperback,48
Cambridgeshire,Cherry Hinton Library,2020-01,Adult non-fiction,1
Cambridgeshire,Cherry Hinton Library,2020-01,Adult spoken word CD set,3
Cambridgeshire,Cherry Hinton Library,2020-01,Children's fiction,1
Cambridgeshire,Cherry Hinton Library,2020-01,Children's non-fiction,2
Cambridgeshire,Cherry Hinton Library,2020-01,Children's spoken word CD set,5
Cambridgeshire,Cherry Hinton Library,2020-01,DVD: 12,1
Cambridgeshire,Cherry Hinton Library,2020-01,DVD: U,4
Cambridgeshire,Cherry Hinton Library,2020-01,Junior fiction,443
Cambridgeshire,Cherry Hinton Library,2020-01,Junior non-fiction,52
Cambridgeshire,Cherry Hinton Library,2020-01,Picture Book,1
Cambridgeshire,Cherry Hinton Library,2020-01,Quick Pick fiction,1
Cambridgeshire,Cherry Hinton Library,2020-01,Teenage,14
Cambridgeshire,Cherry Hinton Library,2020-01,Young adult,7
Cambridgeshire,Cherry Hinton Library,2020-01,Young adult plus,2
Cambridgeshire,Clay Farm Library,2019-12,Adult fiction hardback,5
Cambridgeshire,Clay Farm Library,2019-12,Adult fiction large print hardback,1
Cambridgeshire,Clay Farm Library,2019-12,Adult fiction large print paperback,11
Cambridgeshire,Clay Farm Library,2019-12,Adult fiction paperback,16
Cambridgeshire,Clay Farm Library,2019-12,Adult non fiction hardback,4
Cambridgeshire,Clay Farm Library,2019-12,Adult non fiction paperback,15
Cambridgeshire,Clay Farm Library,2019-12,Children's fiction,1
Cambridgeshire,Clay Farm Library,2019-12,Children's non-fiction,1
Cambridgeshire,Clay Farm Library,2019-12,Children's spoken word CD set,11
Cambridgeshire,Clay Farm Library,2019-12,Junior fiction,244
Cambridgeshire,Clay Farm Library,2019-12,Junior non-fiction,20
Cambridgeshire,Clay Farm Library,2019-12,Teenage,2
Cambridgeshire,Clay Farm Library,2019-12,Young adult,3
Cambridgeshire,Clay Farm Library,2019-12,Young adult plus,1
Cambridgeshire,Clay Farm Library,2020-01,Adult fiction,1
Cambridgeshire,Clay Farm Library,2020-01,Adult fiction hardback,13
Cambridgeshire,Clay Farm Library,2020-01,Adult fiction large print paperback,1
Cambridgeshire,Clay Farm Library,2020-01,Adult fiction paperback,49
Cambridgeshire,Clay Farm Library,2020-01,Adult non fiction hardback,16
Cambridgeshire,Clay Farm Library,2020-01,Adult non fiction paperback,21
Cambridgeshire,Clay Farm Library,2020-01,Adult non-fiction,3
Cambridgeshire,Clay Farm Library,2020-01,Children's fiction,4
Cambridgeshire,Clay Farm Library,2020-01,Children's non-fiction,1
Cambridgeshire,Clay Farm Library,2020-01,Children's spoken word CD set,7
Cambridgeshire,Clay Farm Library,2020-01,Junior fiction,415
Cambridgeshire,Clay Farm Library,2020-01,Junior non-fiction,42
Cambridgeshire,Clay Farm Library,2020-01,Picture Book,2
Cambridgeshire,Clay Farm Library,2020-01,Teenage,12
Cambridgeshire,Clay Farm Library,2020-01,Young adult,9
Cambridgeshire,Comberton Library,2019-12,Adult fiction,5
Cambridgeshire,Comberton Library,2019-12,Adult fiction hardback,19
Cambridgeshire,Comberton Library,2019-12,Adult fiction paperback,45
Cambridgeshire,Comberton Library,2019-12,Adult non fiction hardback,4
Cambridgeshire,Comberton Library,2019-12,Adult non fiction paperback,7
Cambridgeshire,Comberton Library,2019-12,Adult non-fiction,1
Cambridgeshire,Comberton Library,2019-12,Children's spoken word CD set,3
Cambridgeshire,Comberton Library,2019-12,DVD: 12,2
Cambridgeshire,Comberton Library,2019-12,Junior fiction,76
Cambridgeshire,Comberton Library,2019-12,Junior large print,1
Cambridgeshire,Comberton Library,2019-12,Junior non-fiction,8
Cambridgeshire,Comberton Library,2019-12,Teenage,11
Cambridgeshire,Comberton Library,2019-12,Young adult,3
Cambridgeshire,Comberton Library,2019-12,Young adult plus,3
Cambridgeshire,Comberton Library,2020-01,Adult fiction,5
Cambridgeshire,Comberton Library,2020-01,Adult fiction hardback,30
Cambridgeshire,Comberton Library,2020-01,Adult fiction large print hardback,3
Cambridgeshire,Comberton Library,2020-01,Adult fiction large print paperback,1
Cambridgeshire,Comberton Library,2020-01,Adult fiction paperback,51
Cambridgeshire,Comberton Library,2020-01,Adult non fiction hardback,9
Cambridgeshire,Comberton Library,2020-01,Adult non fiction paperback,17
Cambridgeshire,Comberton Library,2020-01,Adult spoken word CD,1
Cambridgeshire,Comberton Library,2020-01,Adult spoken word CD set,12
Cambridgeshire,Comberton Library,2020-01,Children's spoken word CD set,1
Cambridgeshire,Comberton Library,2020-01,Junior fiction,139
Cambridgeshire,Comberton Library,2020-01,Junior non-fiction,23
Cambridgeshire,Comberton Library,2020-01,Picture Book,1
Cambridgeshire,Comberton Library,2020-01,Quick Pick fiction,1
Cambridgeshire,Comberton Library,2020-01,Teenage,18
Cambridgeshire,Comberton Library,2020-01,Young adult,3
Cambridgeshire,Comberton Library,2020-01,Young adult fiction paperback,1
Cambridgeshire,Comberton Library,2020-01,Young adult plus,5
Cambridgeshire,Cottenham Library,2019-12,Adult fiction,1
Cambridgeshire,Cottenham Library,2019-12,Adult fiction hardback,32
Cambridgeshire,Cottenham Library,2019-12,Adult fiction large print hardback,5
Cambridgeshire,Cottenham Library,2019-12,Adult fiction large print paperback,2
Cambridgeshire,Cottenham Library,2019-12,Adult fiction paperback,51
Cambridgeshire,Cottenham Library,2019-12,Adult non fiction hardback,7
Cambridgeshire,Cottenham Library,2019-12,Adult non fiction paperback,7
Cambridgeshire,Cottenham Library,2019-12,Children's non-fiction,1
Cambridgeshire,Cottenham Library,2019-12,Children's spoken word CD set,2
Cambridgeshire,Cottenham Library,2019-12,DVD: U,1
Cambridgeshire,Cottenham Library,2019-12,Junior fiction,98
Cambridgeshire,Cottenham Library,2019-12,Junior non-fiction,31
Cambridgeshire,Cottenham Library,2019-12,Teenage,1
Cambridgeshire,Cottenham Library,2019-12,Young adult,5
Cambridgeshire,Cottenham Library,2020-01,Adult fiction,3
Cambridgeshire,Cottenham Library,2020-01,Adult fiction hardback,33
Cambridgeshire,Cottenham Library,2020-01,Adult fiction large print hardback,2
Cambridgeshire,Cottenham Library,2020-01,Adult fiction paperback,66
Cambridgeshire,Cottenham Library,2020-01,Adult non fiction hardback,8
Cambridgeshire,Cottenham Library,2020-01,Adult non fiction paperback,13
Cambridgeshire,Cottenham Library,2020-01,Adult spoken word CD set,3
Cambridgeshire,Cottenham Library,2020-01,Children's fiction,2
Cambridgeshire,Cottenham Library,2020-01,Children's non-fiction,3
Cambridgeshire,Cottenham Library,2020-01,Children's spoken word CD set,4
Cambridgeshire,Cottenham Library,2020-01,Junior fiction,122
Cambridgeshire,Cottenham Library,2020-01,Junior non-fiction,21
Cambridgeshire,County Store,2019-12,Adult fiction,1
Cambridgeshire,County Store,2019-12,Adult fiction hardback,2
Cambridgeshire,County Store,2019-12,Adult fiction paperback,1
Cambridgeshire,County Store,2019-12,Adult non fiction hardback,7
Cambridgeshire,County Store,2019-12,Adult non fiction paperback,7
Cambridgeshire,County Store,2019-12,Adult spoken word CD set,7
Cambridgeshire,County Store,2019-12,Junior fiction,1
Cambridgeshire,County Store,2019-12,Teenage,1
Cambridgeshire,County Store,2019-12,Vocal score sets,1
Cambridgeshire,County Store,2020-01,Adult fiction hardback,3
Cambridgeshire,County Store,2020-01,Adult fiction paperback,4
Cambridgeshire,County Store,2020-01,Adult non fiction hardback,5
Cambridgeshire,County Store,2020-01,Adult non fiction paperback,6
Cambridgeshire,County Store,2020-01,Adult non-fiction,1
Cambridgeshire,County Store,2020-01,Adult spoken word CD set,7
Cambridgeshire,County Store,2020-01,Children's non-fiction,1
Cambridgeshire,County Store,2020-01,Inter-library loan,1
Cambridgeshire,County Store,2020-01,Junior fiction,4
Cambridgeshire,County Store,2020-01,Vocal score sets,1
Cambridgeshire,County Store,2020-01,Young adult,1
Cambridgeshire,Ely Library,2019-12,Adult fiction,20
Cambridgeshire,Ely Library,2019-12,Adult fiction hardback,143
Cambridgeshire,Ely Library,2019-12,Adult fiction large print hardback,22
Cambridgeshire,Ely Library,2019-12,Adult fiction large print paperback,32
Cambridgeshire,Ely Library,2019-12,Adult fiction paperback,286
Cambridgeshire,Ely Library,2019-12,Adult non fiction hardback,58
Cambridgeshire,Ely Library,2019-12,Adult non fiction large print hardback,1
Cambridgeshire,Ely Library,2019-12,Adult non fiction paperback,77
Cambridgeshire,Ely Library,2019-12,Adult non-fiction,15
Cambridgeshire,Ely Library,2019-12,Adult spoken word CD,1
Cambridgeshire,Ely Library,2019-12,Adult spoken word CD set,13
Cambridgeshire,Ely Library,2019-12,Children's fiction,15
Cambridgeshire,Ely Library,2019-12,Children's non-fiction,4
Cambridgeshire,Ely Library,2019-12,Children's spoken word CD set,13
Cambridgeshire,Ely Library,2019-12,DVD: 12,5
Cambridgeshire,Ely Library,2019-12,DVD: 15,1
Cambridgeshire,Ely Library,2019-12,DVD: PG,5
Cambridgeshire,Ely Library,2019-12,DVD: U,10
Cambridgeshire,Ely Library,2019-12,Junior fiction,643
Cambridgeshire,Ely Library,2019-12,Junior non-fiction,109
Cambridgeshire,Ely Library,2019-12,Map,9
Cambridgeshire,Ely Library,2019-12,Picture Book,8
Cambridgeshire,Ely Library,2019-12,Quick Pick fiction,5
Cambridgeshire,Ely Library,2019-12,Teenage,20
Cambridgeshire,Ely Library,2019-12,Young adult,7
Cambridgeshire,Ely Library,2019-12,Young adult plus,1
Cambridgeshire,Ely Library,2020-01,Adult fiction,45
Cambridgeshire,Ely Library,2020-01,Adult fiction hardback,137
Cambridgeshire,Ely Library,2020-01,Adult fiction large print hardback,27
Cambridgeshire,Ely Library,2020-01,Adult fiction large print paperback,30
Cambridgeshire,Ely Library,2020-01,Adult fiction paperback,367
Cambridgeshire,Ely Library,2020-01,Adult non fiction hardback,79
Cambridgeshire,Ely Library,2020-01,Adult non fiction large print hardback,2
Cambridgeshire,Ely Library,2020-01,Adult non fiction large print paperback,3
Cambridgeshire,Ely Library,2020-01,Adult non fiction paperback,153
Cambridgeshire,Ely Library,2020-01,Adult non-fiction,23
Cambridgeshire,Ely Library,2020-01,Adult spoken word cassette,1
Cambridgeshire,Ely Library,2020-01,Adult spoken word cassette set,3
Cambridgeshire,Ely Library,2020-01,Adult spoken word CD set,29
Cambridgeshire,Ely Library,2020-01,Children's fiction,20
Cambridgeshire,Ely Library,2020-01,Children's non-fiction,2
Cambridgeshire,Ely Library,2020-01,Children's spoken word CD set,15
Cambridgeshire,Ely Library,2020-01,DVD: 12,5
Cambridgeshire,Ely Library,2020-01,DVD: 15,5
Cambridgeshire,Ely Library,2020-01,DVD: 18,3
Cambridgeshire,Ely Library,2020-01,DVD: PG,3
Cambridgeshire,Ely Library,2020-01,DVD: U,8
Cambridgeshire,Ely Library,2020-01,Junior fiction,965
Cambridgeshire,Ely Library,2020-01,Junior large print,3
Cambridgeshire,Ely Library,2020-01,Junior non-fiction,163
Cambridgeshire,Ely Library,2020-01,Lending,1
Cambridgeshire,Ely Library,2020-01,Map,4
Cambridgeshire,Ely Library,2020-01,Picture Book,17
Cambridgeshire,Ely Library,2020-01,Quick Pick fiction,1
Cambridgeshire,Ely Library,2020-01,Teenage,24
Cambridgeshire,Ely Library,2020-01,Young adult,5
Cambridgeshire,Ely Library,2020-01,Young adult plus,8
Cambridgeshire,Fulbourn Library Access Point,2019-12,Adult fiction,1
Cambridgeshire,Fulbourn Library Access Point,2019-12,Adult fiction hardback,8
Cambridgeshire,Fulbourn Library Access Point,2019-12,Adult fiction large print hardback,2
Cambridgeshire,Fulbourn Library Access Point,2019-12,Adult fiction large print paperback,4
Cambridgeshire,Fulbourn Library Access Point,2019-12,Adult fiction paperback,46
Cambridgeshire,Fulbourn Library Access Point,2019-12,Adult non fiction hardback,4
Cambridgeshire,Fulbourn Library Access Point,2019-12,Adult non fiction paperback,3
Cambridgeshire,Fulbourn Library Access Point,2019-12,Children's fiction,3
Cambridgeshire,Fulbourn Library Access Point,2019-12,DVD: 15,1
Cambridgeshire,Fulbourn Library Access Point,2019-12,Junior fiction,63
Cambridgeshire,Fulbourn Library Access Point,2019-12,Junior non-fiction,4
Cambridgeshire,Fulbourn Library Access Point,2019-12,Teenage,5
Cambridgeshire,Fulbourn Library Access Point,2019-12,Young adult,11
Cambridgeshire,Fulbourn Library Access Point,2020-01,Adult fiction,2
Cambridgeshire,Fulbourn Library Access Point,2020-01,Adult fiction hardback,12
Cambridgeshire,Fulbourn Library Access Point,2020-01,Adult fiction large print hardback,1
Cambridgeshire,Fulbourn Library Access Point,2020-01,Adult fiction paperback,77
Cambridgeshire,Fulbourn Library Access Point,2020-01,Adult non fiction hardback,7
Cambridgeshire,Fulbourn Library Access Point,2020-01,Adult non fiction paperback,1
Cambridgeshire,Fulbourn Library Access Point,2020-01,Adult spoken word CD set,1
Cambridgeshire,Fulbourn Library Access Point,2020-01,Junior fiction,49
Cambridgeshire,Fulbourn Library Access Point,2020-01,Junior non-fiction,5
Cambridgeshire,Fulbourn Library Access Point,2020-01,Picture Book,1
Cambridgeshire,Fulbourn Library Access Point,2020-01,Teenage,2
Cambridgeshire,Fulbourn Library Access Point,2020-01,Young adult,1
Cambridgeshire,Gamlingay Library Access Point,2019-12,Adult fiction,2
Cambridgeshire,Gamlingay Library Access Point,2019-12,Adult fiction hardback,3
Cambridgeshire,Gamlingay Library Access Point,2019-12,Adult fiction large print hardback,1
Cambridgeshire,Gamlingay Library Access Point,2019-12,Adult fiction paperback,16
Cambridgeshire,Gamlingay Library Access Point,2019-12,Adult non fiction hardback,2
Cambridgeshire,Gamlingay Library Access Point,2019-12,Adult non fiction paperback,3
Cambridgeshire,Gamlingay Library Access Point,2019-12,Children's fiction,1
Cambridgeshire,Gamlingay Library Access Point,2019-12,Junior fiction,6
Cambridgeshire,Gamlingay Library Access Point,2019-12,Junior non-fiction,1
Cambridgeshire,Gamlingay Library Access Point,2019-12,Teenage,1
Cambridgeshire,Gamlingay Library Access Point,2019-12,Young adult,1
Cambridgeshire,Gamlingay Library Access Point,2020-01,Adult fiction,1
Cambridgeshire,Gamlingay Library Access Point,2020-01,Adult fiction hardback,6
Cambridgeshire,Gamlingay Library Access Point,2020-01,Adult fiction large print hardback,3
Cambridgeshire,Gamlingay Library Access Point,2020-01,Adult fiction large print paperback,20
Cambridgeshire,Gamlingay Library Access Point,2020-01,Adult fiction paperback,36
Cambridgeshire,Gamlingay Library Access Point,2020-01,Adult non fiction hardback,7
Cambridgeshire,Gamlingay Library Access Point,2020-01,Adult non fiction paperback,10
Cambridgeshire,Gamlingay Library Access Point,2020-01,Adult spoken word cassette set,1
Cambridgeshire,Gamlingay Library Access Point,2020-01,Adult spoken word CD set,3
Cambridgeshire,Gamlingay Library Access Point,2020-01,Junior fiction,11
Cambridgeshire,Gamlingay Library Access Point,2020-01,Quick Pick fiction,1
Cambridgeshire,Gamlingay Library Access Point,2020-01,Young adult,1
Cambridgeshire,Great Shelford Library,2019-12,Adult fiction,18
Cambridgeshire,Great Shelford Library,2019-12,Adult fiction hardback,39
Cambridgeshire,Great Shelford Library,2019-12,Adult fiction large print paperback,3
Cambridgeshire,Great Shelford Library,2019-12,Adult fiction paperback,111
Cambridgeshire,Great Shelford Library,2019-12,Adult non fiction hardback,19
Cambridgeshire,Great Shelford Library,2019-12,Adult non fiction paperback,30
Cambridgeshire,Great Shelford Library,2019-12,Adult spoken word CD set,4
Cambridgeshire,Great Shelford Library,2019-12,Children's non-fiction,2
Cambridgeshire,Great Shelford Library,2019-12,Children's spoken word CD set,8
Cambridgeshire,Great Shelford Library,2019-12,DVD: PG,1
Cambridgeshire,Great Shelford Library,2019-12,DVD: U,1
Cambridgeshire,Great Shelford Library,2019-12,Junior fiction,233
Cambridgeshire,Great Shelford Library,2019-12,Junior large print,1
Cambridgeshire,Great Shelford Library,2019-12,Junior non-fiction,32
Cambridgeshire,Great Shelford Library,2019-12,Music score,2
Cambridgeshire,Great Shelford Library,2019-12,Picture Book,1
Cambridgeshire,Great Shelford Library,2019-12,Quick Pick fiction,2
Cambridgeshire,Great Shelford Library,2019-12,Teenage,7
Cambridgeshire,Great Shelford Library,2019-12,Young adult,3
Cambridgeshire,Great Shelford Library,2019-12,Young adult plus,1
Cambridgeshire,Great Shelford Library,2020-01,Adult fiction,18
Cambridgeshire,Great Shelford Library,2020-01,Adult fiction hardback,52
Cambridgeshire,Great Shelford Library,2020-01,Adult fiction large print hardback,4
Cambridgeshire,Great Shelford Library,2020-01,Adult fiction large print paperback,4
Cambridgeshire,Great Shelford Library,2020-01,Adult fiction paperback,114
Cambridgeshire,Great Shelford Library,2020-01,Adult non fiction hardback,35
Cambridgeshire,Great Shelford Library,2020-01,Adult non fiction large print paperback,1
Cambridgeshire,Great Shelford Library,2020-01,Adult non fiction paperback,57
Cambridgeshire,Great Shelford Library,2020-01,Adult non-fiction,2
Cambridgeshire,Great Shelford Library,2020-01,Adult spoken word cassette set,1
Cambridgeshire,Great Shelford Library,2020-01,Adult spoken word CD set,10
Cambridgeshire,Great Shelford Library,2020-01,Children's fiction,1
Cambridgeshire,Great Shelford Library,2020-01,Children's non-fiction,5
Cambridgeshire,Great Shelford Library,2020-01,Children's spoken word CD set,6
Cambridgeshire,Great Shelford Library,2020-01,DVD: 12,2
Cambridgeshire,Great Shelford Library,2020-01,DVD: U,7
Cambridgeshire,Great Shelford Library,2020-01,Junior fiction,480
Cambridgeshire,Great Shelford Library,2020-01,Junior non-fiction,61
Cambridgeshire,Great Shelford Library,2020-01,Picture Book,1
Cambridgeshire,Great Shelford Library,2020-01,Quick Pick fiction,4
Cambridgeshire,Great Shelford Library,2020-01,Teenage,17
Cambridgeshire,Great Shelford Library,2020-01,Young adult,8
Cambridgeshire,Haddenham Library Access Point,2019-12,Adult fiction hardback,2
Cambridgeshire,Haddenham Library Access Point,2019-12,Adult fiction paperback,55
Cambridgeshire,Haddenham Library Access Point,2019-12,Adult non fiction hardback,1
Cambridgeshire,Haddenham Library Access Point,2019-12,Adult non fiction paperback,3
Cambridgeshire,Haddenham Library Access Point,2019-12,Junior fiction,49
Cambridgeshire,Haddenham Library Access Point,2019-12,Junior non-fiction,10
Cambridgeshire,Haddenham Library Access Point,2019-12,Young adult,6
Cambridgeshire,Haddenham Library Access Point,2020-01,Adult fiction,1
Cambridgeshire,Haddenham Library Access Point,2020-01,Adult fiction hardback,3
Cambridgeshire,Haddenham Library Access Point,2020-01,Adult fiction paperback,54
Cambridgeshire,Haddenham Library Access Point,2020-01,Adult non fiction hardback,4
Cambridgeshire,Haddenham Library Access Point,2020-01,Adult non fiction paperback,9
Cambridgeshire,Haddenham Library Access Point,2020-01,Junior fiction,60
Cambridgeshire,Haddenham Library Access Point,2020-01,Junior non-fiction,9
Cambridgeshire,Haddenham Library Access Point,2020-01,Young adult,7
Cambridgeshire,Histon Library,2019-12,Adult fiction,4
Cambridgeshire,Histon Library,2019-12,Adult fiction hardback,63
Cambridgeshire,Histon Library,2019-12,Adult fiction large print hardback,14
Cambridgeshire,Histon Library,2019-12,Adult fiction large print paperback,6
Cambridgeshire,Histon Library,2019-12,Adult fiction paperback,90
Cambridgeshire,Histon Library,2019-12,Adult non fiction hardback,22
Cambridgeshire,Histon Library,2019-12,Adult non fiction large print paperback,1
Cambridgeshire,Histon Library,2019-12,Adult non fiction paperback,21
Cambridgeshire,Histon Library,2019-12,Adult spoken word cassette set,1
Cambridgeshire,Histon Library,2019-12,Adult spoken word CD,1
Cambridgeshire,Histon Library,2019-12,Adult spoken word CD set,7
Cambridgeshire,Histon Library,2019-12,Children's fiction,3
Cambridgeshire,Histon Library,2019-12,Children's spoken word CD set,2
Cambridgeshire,Histon Library,2019-12,DVD: 12,2
Cambridgeshire,Histon Library,2019-12,DVD: U,4
Cambridgeshire,Histon Library,2019-12,Junior fiction,312
Cambridgeshire,Histon Library,2019-12,Junior non-fiction,34
Cambridgeshire,Histon Library,2019-12,Picture Book,3
Cambridgeshire,Histon Library,2019-12,Teenage,4
Cambridgeshire,Histon Library,2019-12,Young adult,4
Cambridgeshire,Histon Library,2020-01,Adult fiction,2
Cambridgeshire,Histon Library,2020-01,Adult fiction hardback,66
Cambridgeshire,Histon Library,2020-01,Adult fiction large print hardback,14
Cambridgeshire,Histon Library,2020-01,Adult fiction large print paperback,9
Cambridgeshire,Histon Library,2020-01,Adult fiction paperback,124
Cambridgeshire,Histon Library,2020-01,Adult non fiction hardback,32
Cambridgeshire,Histon Library,2020-01,Adult non fiction large print hardback,2
Cambridgeshire,Histon Library,2020-01,Adult non fiction paperback,56
Cambridgeshire,Histon Library,2020-01,Adult non-fiction,1
Cambridgeshire,Histon Library,2020-01,Adult spoken word CD set,5
Cambridgeshire,Histon Library,2020-01,Children's fiction,1
Cambridgeshire,Histon Library,2020-01,Children's non-fiction,1
Cambridgeshire,Histon Library,2020-01,Children's spoken word CD set,5
Cambridgeshire,Histon Library,2020-01,DVD short,1
Cambridgeshire,Histon Library,2020-01,DVD: 12,3
Cambridgeshire,Histon Library,2020-01,DVD: 15,1
Cambridgeshire,Histon Library,2020-01,DVD: U,4
Cambridgeshire,Histon Library,2020-01,Junior fiction,396
Cambridgeshire,Histon Library,2020-01,Junior non-fiction,149
Cambridgeshire,Histon Library,2020-01,Picture Book,2
Cambridgeshire,Histon Library,2020-01,Teenage,14
Cambridgeshire,Histon Library,2020-01,Young adult,4
Cambridgeshire,Histon Library,2020-01,Young adult plus,2
Cambridgeshire,Huntingdon Library,2019-12,Adult fiction,42
Cambridgeshire,Huntingdon Library,2019-12,Adult fiction hardback,135
Cambridgeshire,Huntingdon Library,2019-12,Adult fiction large print hardback,27
Cambridgeshire,Huntingdon Library,2019-12,Adult fiction large print paperback,31
Cambridgeshire,Huntingdon Library,2019-12,Adult fiction paperback,335
Cambridgeshire,Huntingdon Library,2019-12,Adult non fiction hardback,43
Cambridgeshire,Huntingdon Library,2019-12,Adult non fiction paperback,87
Cambridgeshire,Huntingdon Library,2019-12,Adult non-fiction,6
Cambridgeshire,Huntingdon Library,2019-12,Adult spoken word CD,1
Cambridgeshire,Huntingdon Library,2019-12,Adult spoken word CD set,6
Cambridgeshire,Huntingdon Library,2019-12,Children's fiction,8
Cambridgeshire,Huntingdon Library,2019-12,Children's non-fiction,2
Cambridgeshire,Huntingdon Library,2019-12,Children's spoken word CD set,2
Cambridgeshire,Huntingdon Library,2019-12,DVD: 12,4
Cambridgeshire,Huntingdon Library,2019-12,DVD: 15,3
Cambridgeshire,Huntingdon Library,2019-12,DVD: PG,3
Cambridgeshire,Huntingdon Library,2019-12,DVD: U,1
Cambridgeshire,Huntingdon Library,2019-12,Junior fiction,403
Cambridgeshire,Huntingdon Library,2019-12,Junior large print,4
Cambridgeshire,Huntingdon Library,2019-12,Junior non-fiction,103
Cambridgeshire,Huntingdon Library,2019-12,Map,4
Cambridgeshire,Huntingdon Library,2019-12,Picture Book,1
Cambridgeshire,Huntingdon Library,2019-12,Quick Pick fiction,3
Cambridgeshire,Huntingdon Library,2019-12,Teenage,11
Cambridgeshire,Huntingdon Library,2019-12,Young adult,12
Cambridgeshire,Huntingdon Library,2019-12,Young adult plus,1
Cambridgeshire,Huntingdon Library,2020-01,Adult fiction,53
Cambridgeshire,Huntingdon Library,2020-01,Adult fiction hardback,209
Cambridgeshire,Huntingdon Library,2020-01,Adult fiction large print hardback,36
Cambridgeshire,Huntingdon Library,2020-01,Adult fiction large print paperback,32
Cambridgeshire,Huntingdon Library,2020-01,Adult fiction paperback,456
Cambridgeshire,Huntingdon Library,2020-01,Adult non fiction hardback,59
Cambridgeshire,Huntingdon Library,2020-01,Adult non fiction large print hardback,2
Cambridgeshire,Huntingdon Library,2020-01,Adult non fiction large print paperback,1
Cambridgeshire,Huntingdon Library,2020-01,Adult non fiction paperback,119
Cambridgeshire,Huntingdon Library,2020-01,Adult non-fiction,13
Cambridgeshire,Huntingdon Library,2020-01,Adult spoken word cassette,1
Cambridgeshire,Huntingdon Library,2020-01,Adult spoken word CD,1
Cambridgeshire,Huntingdon Library,2020-01,Adult spoken word CD set,1
Cambridgeshire,Huntingdon Library,2020-01,CD,2
Cambridgeshire,Huntingdon Library,2020-01,Children's fiction,11
Cambridgeshire,Huntingdon Library,2020-01,Children's non-fiction,2
Cambridgeshire,Huntingdon Library,2020-01,Children's spoken word CD set,10
Cambridgeshire,Huntingdon Library,2020-01,DVD: 12,5
Cambridgeshire,Huntingdon Library,2020-01,DVD: 15,3
Cambridgeshire,Huntingdon Library,2020-01,DVD: PG,2
Cambridgeshire,Huntingdon Library,2020-01,DVD: U,1
Cambridgeshire,Huntingdon Library,2020-01,Junior fiction,376
Cambridgeshire,Huntingdon Library,2020-01,Junior large print,5
Cambridgeshire,Huntingdon Library,2020-01,Junior non-fiction,75
Cambridgeshire,Huntingdon Library,2020-01,Map,12
Cambridgeshire,Huntingdon Library,2020-01,Music score,2
Cambridgeshire,Huntingdon Library,2020-01,Picture Book,1
Cambridgeshire,Huntingdon Library,2020-01,Quick Pick fiction,3
Cambridgeshire,Huntingdon Library,2020-01,Teenage,32
Cambridgeshire,Huntingdon Library,2020-01,Young adult,12
Cambridgeshire,Huntingdon Library,2020-01,Young adult plus,2
Cambridgeshire,Linton Library,2019-12,Adult fiction,4
Cambridgeshire,Linton Library,2019-12,Adult fiction hardback,33
Cambridgeshire,Linton Library,2019-12,Adult fiction large print hardback,2
Cambridgeshire,Linton Library,2019-12,Adult fiction paperback,43
Cambridgeshire,Linton Library,2019-12,Adult non fiction hardback,18
Cambridgeshire,Linton Library,2019-12,Adult non fiction paperback,8
Cambridgeshire,Linton Library,2019-12,Adult non-fiction,5
Cambridgeshire,Linton Library,2019-12,Adult spoken word CD,1
Cambridgeshire,Linton Library,2019-12,Adult spoken word CD set,3
Cambridgeshire,Linton Library,2019-12,Junior fiction,123
Cambridgeshire,Linton Library,2019-12,Junior non-fiction,15
Cambridgeshire,Linton Library,2019-12,Picture Book,1
Cambridgeshire,Linton Library,2019-12,Quick Pick fiction,1
Cambridgeshire,Linton Library,2019-12,Teenage,3
Cambridgeshire,Linton Library,2019-12,Young adult,2
Cambridgeshire,Linton Library,2020-01,Adult fiction,3
Cambridgeshire,Linton Library,2020-01,Adult fiction hardback,37
Cambridgeshire,Linton Library,2020-01,Adult fiction large print hardback,11
Cambridgeshire,Linton Library,2020-01,Adult fiction large print paperback,6
Cambridgeshire,Linton Library,2020-01,Adult fiction paperback,78
Cambridgeshire,Linton Library,2020-01,Adult non fiction hardback,11
Cambridgeshire,Linton Library,2020-01,Adult non fiction large print hardback,2
Cambridgeshire,Linton Library,2020-01,Adult non fiction large print paperback,1
Cambridgeshire,Linton Library,2020-01,Adult non fiction paperback,26
Cambridgeshire,Linton Library,2020-01,Adult spoken word CD set,2
Cambridgeshire,Linton Library,2020-01,Children's non-fiction,2
Cambridgeshire,Linton Library,2020-01,Junior fiction,266
Cambridgeshire,Linton Library,2020-01,Junior non-fiction,22
Cambridgeshire,Linton Library,2020-01,Picture Book,1
Cambridgeshire,Linton Library,2020-01,Quick Pick fiction,1
Cambridgeshire,Linton Library,2020-01,Teenage,3
Cambridgeshire,Linton Library,2020-01,Young adult,1
Cambridgeshire,Linton Library,2020-01,Young adult plus,1
Cambridgeshire,Little Downham Library Access Point,2020-01,Adult fiction hardback,3
Cambridgeshire,Little Downham Library Access Point,2020-01,Adult fiction large print hardback,3
Cambridgeshire,Little Downham Library Access Point,2020-01,Adult fiction large print paperback,4
Cambridgeshire,Little Downham Library Access Point,2020-01,Adult fiction paperback,25
Cambridgeshire,Little Downham Library Access Point,2020-01,Adult non fiction paperback,1
Cambridgeshire,Little Downham Library Access Point,2020-01,Children's fiction,1
Cambridgeshire,Little Downham Library Access Point,2020-01,Junior fiction,13
Cambridgeshire,Little Downham Library Access Point,2020-01,Quick Pick fiction,1
Cambridgeshire,Littleport Library,2019-12,Adult fiction,2
Cambridgeshire,Littleport Library,2019-12,Adult fiction hardback,9
Cambridgeshire,Littleport Library,2019-12,Adult fiction large print hardback,1
Cambridgeshire,Littleport Library,2019-12,Adult fiction large print paperback,4
Cambridgeshire,Littleport Library,2019-12,Adult fiction paperback,18
Cambridgeshire,Littleport Library,2019-12,Adult non fiction hardback,8
Cambridgeshire,Littleport Library,2019-12,Adult non fiction paperback,4
Cambridgeshire,Littleport Library,2019-12,Adult non-fiction,1
Cambridgeshire,Littleport Library,2019-12,Adult spoken word CD set,7
Cambridgeshire,Littleport Library,2019-12,Junior fiction,61
Cambridgeshire,Littleport Library,2019-12,Junior non-fiction,5
Cambridgeshire,Littleport Library,2020-01,Adult fiction hardback,24
Cambridgeshire,Littleport Library,2020-01,Adult fiction large print hardback,20
Cambridgeshire,Littleport Library,2020-01,Adult fiction large print paperback,4
Cambridgeshire,Littleport Library,2020-01,Adult fiction paperback,54
Cambridgeshire,Littleport Library,2020-01,Adult non fiction hardback,23
Cambridgeshire,Littleport Library,2020-01,Adult non fiction large print paperback,1
Cambridgeshire,Littleport Library,2020-01,Adult non fiction paperback,20
Cambridgeshire,Littleport Library,2020-01,Adult spoken word CD set,5
Cambridgeshire,Littleport Library,2020-01,Children's non-fiction,1
Cambridgeshire,Littleport Library,2020-01,DVD: U,1
Cambridgeshire,Littleport Library,2020-01,Junior fiction,97
Cambridgeshire,Littleport Library,2020-01,Junior non-fiction,11
Cambridgeshire,Littleport Library,2020-01,Picture Book,1
Cambridgeshire,Littleport Library,2020-01,Young adult,1
Cambridgeshire,March Library,2019-12,Adult fiction,31
Cambridgeshire,March Library,2019-12,Adult fiction hardback,86
Cambridgeshire,March Library,2019-12,Adult fiction large print hardback,33
Cambridgeshire,March Library,2019-12,Adult fiction large print paperback,17
Cambridgeshire,March Library,2019-12,Adult fiction paperback,222
Cambridgeshire,March Library,2019-12,Adult non fiction hardback,38
Cambridgeshire,March Library,2019-12,Adult non fiction large print hardback,1
Cambridgeshire,March Library,2019-12,Adult non fiction large print paperback,1
Cambridgeshire,March Library,2019-12,Adult non fiction paperback,73
Cambridgeshire,March Library,2019-12,Adult non-fiction,6
Cambridgeshire,March Library,2019-12,Adult spoken word cassette set,8
Cambridgeshire,March Library,2019-12,Adult spoken word CD set,39
Cambridgeshire,March Library,2019-12,Children's fiction,1
Cambridgeshire,March Library,2019-12,Children's non-fiction,2
Cambridgeshire,March Library,2019-12,Children's spoken word CD set,8
Cambridgeshire,March Library,2019-12,DVD: 12,6
Cambridgeshire,March Library,2019-12,DVD: 15,2
Cambridgeshire,March Library,2019-12,DVD: PG,2
Cambridgeshire,March Library,2019-12,DVD: U,1
Cambridgeshire,March Library,2019-12,Junior fiction,187
Cambridgeshire,March Library,2019-12,Junior non-fiction,32
Cambridgeshire,March Library,2019-12,Magazine for loan,2
Cambridgeshire,March Library,2019-12,Picture Book,3
Cambridgeshire,March Library,2019-12,Quick Pick fiction,4
Cambridgeshire,March Library,2019-12,Teenage,11
Cambridgeshire,March Library,2019-12,Young adult,1
Cambridgeshire,March Library,2020-01,Adult fiction,30
Cambridgeshire,March Library,2020-01,Adult fiction hardback,112
Cambridgeshire,March Library,2020-01,Adult fiction large print hardback,66
Cambridgeshire,March Library,2020-01,Adult fiction large print paperback,22
Cambridgeshire,March Library,2020-01,Adult fiction paperback,248
Cambridgeshire,March Library,2020-01,Adult non fiction hardback,44
Cambridgeshire,March Library,2020-01,Adult non fiction large print paperback,1
Cambridgeshire,March Library,2020-01,Adult non fiction paperback,41
Cambridgeshire,March Library,2020-01,Adult non-fiction,1
Cambridgeshire,March Library,2020-01,Adult spoken word cassette set,2
Cambridgeshire,March Library,2020-01,Adult spoken word CD,1
Cambridgeshire,March Library,2020-01,Adult spoken word CD set,31
Cambridgeshire,March Library,2020-01,Blu-Ray: 15,1
Cambridgeshire,March Library,2020-01,Children's fiction,2
Cambridgeshire,March Library,2020-01,Children's non-fiction,3
Cambridgeshire,March Library,2020-01,Children's spoken word CD set,4
Cambridgeshire,March Library,2020-01,Devices and electronics,1
Cambridgeshire,March Library,2020-01,DVD: 12,3
Cambridgeshire,March Library,2020-01,DVD: 15,1
Cambridgeshire,March Library,2020-01,DVD: PG,5
Cambridgeshire,March Library,2020-01,DVD: U,1
Cambridgeshire,March Library,2020-01,Junior fiction,306
Cambridgeshire,March Library,2020-01,Junior non-fiction,45
Cambridgeshire,March Library,2020-01,Magazine for loan,2
Cambridgeshire,March Library,2020-01,Picture Book,2
Cambridgeshire,March Library,2020-01,Quick Pick fiction,2
Cambridgeshire,March Library,2020-01,Teenage,3
Cambridgeshire,March Library,2020-01,Young adult,5
Cambridgeshire,March Library,2020-01,Young adult plus,1
Cambridgeshire,Melbourn Library Access Point,2019-12,Adult fiction hardback,4
Cambridgeshire,Melbourn Library Access Point,2019-12,Adult fiction large print paperback,2
Cambridgeshire,Melbourn Library Access Point,2019-12,Adult fiction paperback,38
Cambridgeshire,Melbourn Library Access Point,2019-12,Adult non fiction paperback,1
Cambridgeshire,Melbourn Library Access Point,2019-12,Children's fiction,6
Cambridgeshire,Melbourn Library Access Point,2019-12,Junior fiction,34
Cambridgeshire,Melbourn Library Access Point,2019-12,Junior non-fiction,5
Cambridgeshire,Melbourn Library Access Point,2019-12,Picture Book,1
Cambridgeshire,Melbourn Library Access Point,2020-01,Adult fiction,1
Cambridgeshire,Melbourn Library Access Point,2020-01,Adult fiction hardback,4
Cambridgeshire,Melbourn Library Access Point,2020-01,Adult fiction paperback,40
Cambridgeshire,Melbourn Library Access Point,2020-01,Adult non fiction hardback,3
Cambridgeshire,Melbourn Library Access Point,2020-01,Adult non fiction paperback,1
Cambridgeshire,Melbourn Library Access Point,2020-01,Children's fiction,2
Cambridgeshire,Melbourn Library Access Point,2020-01,Junior fiction,90
Cambridgeshire,Melbourn Library Access Point,2020-01,Junior non-fiction,2
Cambridgeshire,Melbourn Library Access Point,2020-01,Picture Book,2
Cambridgeshire,Milton Road Library,2019-12,Adult fiction,2
Cambridgeshire,Milton Road Library,2019-12,Adult fiction hardback,4
Cambridgeshire,Milton Road Library,2019-12,Adult fiction large print paperback,3
Cambridgeshire,Milton Road Library,2019-12,Adult fiction paperback,16
Cambridgeshire,Milton Road Library,2019-12,Adult non fiction hardback,8
Cambridgeshire,Milton Road Library,2019-12,Adult non fiction paperback,17
Cambridgeshire,Milton Road Library,2019-12,Adult spoken word CD set,2
Cambridgeshire,Milton Road Library,2019-12,DVD: 15,1
Cambridgeshire,Milton Road Library,2019-12,DVD: U,2
Cambridgeshire,Milton Road Library,2019-12,Junior fiction,46
Cambridgeshire,Milton Road Library,2019-12,Junior fiction hardback,1
Cambridgeshire,Milton Road Library,2019-12,Junior fiction paperback,1
Cambridgeshire,Milton Road Library,2019-12,Junior non-fiction,12
Cambridgeshire,Milton Road Library,2019-12,Teenage,1
Cambridgeshire,Milton Road Library,2019-12,Young adult plus,1
Cambridgeshire,Milton Road Library,2020-01,Adult fiction,4
Cambridgeshire,Milton Road Library,2020-01,Adult fiction hardback,17
Cambridgeshire,Milton Road Library,2020-01,Adult fiction large print hardback,4
Cambridgeshire,Milton Road Library,2020-01,Adult fiction large print paperback,7
Cambridgeshire,Milton Road Library,2020-01,Adult fiction paperback,45
Cambridgeshire,Milton Road Library,2020-01,Adult non fiction hardback,13
Cambridgeshire,Milton Road Library,2020-01,Adult non fiction large print hardback,2
Cambridgeshire,Milton Road Library,2020-01,Adult non fiction large print paperback,1
Cambridgeshire,Milton Road Library,2020-01,Adult non fiction paperback,29
Cambridgeshire,Milton Road Library,2020-01,Adult spoken word CD,1
Cambridgeshire,Milton Road Library,2020-01,Adult spoken word CD set,5
Cambridgeshire,Milton Road Library,2020-01,Children's non-fiction,1
Cambridgeshire,Milton Road Library,2020-01,Children's spoken word CD set,9
Cambridgeshire,Milton Road Library,2020-01,DVD: 15,1
Cambridgeshire,Milton Road Library,2020-01,Junior fiction,154
Cambridgeshire,Milton Road Library,2020-01,Junior non-fiction,42
Cambridgeshire,Milton Road Library,2020-01,Teenage,5
Cambridgeshire,Milton Road Library,2020-01,Young adult,3
Cambridgeshire,Mobile Library,2019-12,Adult fiction,35
Cambridgeshire,Mobile Library,2019-12,Adult fiction hardback,77
Cambridgeshire,Mobile Library,2019-12,Adult fiction large print hardback,18
Cambridgeshire,Mobile Library,2019-12,Adult fiction large print paperback,19
Cambridgeshire,Mobile Library,2019-12,Adult fiction paperback,162
Cambridgeshire,Mobile Library,2019-12,Adult non fiction hardback,23
Cambridgeshire,Mobile Library,2019-12,Adult non fiction paperback,29
Cambridgeshire,Mobile Library,2019-12,Adult non-fiction,4
Cambridgeshire,Mobile Library,2019-12,Adult spoken word cassette set,13
Cambridgeshire,Mobile Library,2019-12,Adult spoken word CD set,16
Cambridgeshire,Mobile Library,2019-12,Children's fiction,3
Cambridgeshire,Mobile Library,2019-12,Children's non-fiction,2
Cambridgeshire,Mobile Library,2019-12,Junior fiction,39
Cambridgeshire,Mobile Library,2019-12,Junior non-fiction,10
Cambridgeshire,Mobile Library,2019-12,Teenage,8
Cambridgeshire,Mobile Library,2020-01,Adult fiction,45
Cambridgeshire,Mobile Library,2020-01,Adult fiction hardback,184
Cambridgeshire,Mobile Library,2020-01,Adult fiction large print hardback,125
Cambridgeshire,Mobile Library,2020-01,Adult fiction large print paperback,139
Cambridgeshire,Mobile Library,2020-01,Adult fiction paperback,434
Cambridgeshire,Mobile Library,2020-01,Adult non fiction hardback,44
Cambridgeshire,Mobile Library,2020-01,Adult non fiction large print hardback,5
Cambridgeshire,Mobile Library,2020-01,Adult non fiction large print paperback,1
Cambridgeshire,Mobile Library,2020-01,Adult non fiction paperback,66
Cambridgeshire,Mobile Library,2020-01,Adult non-fiction,8
Cambridgeshire,Mobile Library,2020-01,Adult spoken word cassette set,6
Cambridgeshire,Mobile Library,2020-01,Adult spoken word CD,1
Cambridgeshire,Mobile Library,2020-01,Adult spoken word CD set,7
Cambridgeshire,Mobile Library,2020-01,Bott village college fiction,1
Cambridgeshire,Mobile Library,2020-01,Children's fiction,17
Cambridgeshire,Mobile Library,2020-01,Children's non-fiction,1
Cambridgeshire,Mobile Library,2020-01,DVD: 15,1
Cambridgeshire,Mobile Library,2020-01,Junior fiction,254
Cambridgeshire,Mobile Library,2020-01,Junior non-fiction,16
Cambridgeshire,Mobile Library,2020-01,Quick Pick fiction,4
Cambridgeshire,Mobile Library,2020-01,Quick Pick non-fiction,1
Cambridgeshire,Mobile Library,2020-01,Young adult,1
Cambridgeshire,Papworth Library,2019-12,Adult fiction,1
Cambridgeshire,Papworth Library,2019-12,Adult fiction hardback,5
Cambridgeshire,Papworth Library,2019-12,Adult fiction large print hardback,2
Cambridgeshire,Papworth Library,2019-12,Adult fiction paperback,5
Cambridgeshire,Papworth Library,2019-12,Adult non fiction hardback,1
Cambridgeshire,Papworth Library,2019-12,Adult non fiction paperback,6
Cambridgeshire,Papworth Library,2019-12,Adult non-fiction,1
Cambridgeshire,Papworth Library,2019-12,Children's spoken word CD set,4
Cambridgeshire,Papworth Library,2019-12,Devices and electronics,1
Cambridgeshire,Papworth Library,2019-12,Junior fiction,67
Cambridgeshire,Papworth Library,2019-12,Junior non-fiction,1
Cambridgeshire,Papworth Library,2019-12,Teenage,3
Cambridgeshire,Papworth Library,2020-01,Adult fiction,1
Cambridgeshire,Papworth Library,2020-01,Adult fiction hardback,8
Cambridgeshire,Papworth Library,2020-01,Adult fiction large print hardback,4
Cambridgeshire,Papworth Library,2020-01,Adult fiction large print paperback,1
Cambridgeshire,Papworth Library,2020-01,Adult fiction paperback,19
Cambridgeshire,Papworth Library,2020-01,Adult non fiction hardback,2
Cambridgeshire,Papworth Library,2020-01,Adult non fiction paperback,17
Cambridgeshire,Papworth Library,2020-01,Adult spoken word cassette set,1
Cambridgeshire,Papworth Library,2020-01,Adult spoken word CD set,1
Cambridgeshire,Papworth Library,2020-01,DVD: U,1
Cambridgeshire,Papworth Library,2020-01,Junior fiction,88
Cambridgeshire,Papworth Library,2020-01,Junior non-fiction,7
Cambridgeshire,Papworth Library,2020-01,Teenage,4
Cambridgeshire,Papworth Library,2020-01,Young adult,2
Cambridgeshire,Papworth Library,2020-01,Young adult plus,1
Cambridgeshire,Ramsey Library,2019-12,Adult fiction,9
Cambridgeshire,Ramsey Library,2019-12,Adult fiction hardback,50
Cambridgeshire,Ramsey Library,2019-12,Adult fiction large print hardback,5
Cambridgeshire,Ramsey Library,2019-12,Adult fiction large print paperback,6
Cambridgeshire,Ramsey Library,2019-12,Adult fiction paperback,71
Cambridgeshire,Ramsey Library,2019-12,Adult non fiction hardback,15
Cambridgeshire,Ramsey Library,2019-12,Adult non fiction large print hardback,1
Cambridgeshire,Ramsey Library,2019-12,Adult non fiction paperback,22
Cambridgeshire,Ramsey Library,2019-12,Adult non-fiction,8
Cambridgeshire,Ramsey Library,2019-12,Children's fiction,1
Cambridgeshire,Ramsey Library,2019-12,Children's non-fiction,1
Cambridgeshire,Ramsey Library,2019-12,Junior fiction,85
Cambridgeshire,Ramsey Library,2019-12,Junior non-fiction,9
Cambridgeshire,Ramsey Library,2019-12,Quick Pick fiction,1
Cambridgeshire,Ramsey Library,2019-12,Teenage,1
Cambridgeshire,Ramsey Library,2020-01,Adult fiction,10
Cambridgeshire,Ramsey Library,2020-01,Adult fiction hardback,50
Cambridgeshire,Ramsey Library,2020-01,Adult fiction large print hardback,3
Cambridgeshire,Ramsey Library,2020-01,Adult fiction large print paperback,2
Cambridgeshire,Ramsey Library,2020-01,Adult fiction paperback,115
Cambridgeshire,Ramsey Library,2020-01,Adult non fiction hardback,18
Cambridgeshire,Ramsey Library,2020-01,Adult non fiction large print hardback,1
Cambridgeshire,Ramsey Library,2020-01,Adult non fiction large print paperback,1
Cambridgeshire,Ramsey Library,2020-01,Adult non fiction paperback,21
Cambridgeshire,Ramsey Library,2020-01,Adult non-fiction,5
Cambridgeshire,Ramsey Library,2020-01,Adult spoken word CD set,2
Cambridgeshire,Ramsey Library,2020-01,Children's fiction,2
Cambridgeshire,Ramsey Library,2020-01,Junior fiction,128
Cambridgeshire,Ramsey Library,2020-01,Junior non-fiction,11
Cambridgeshire,Ramsey Library,2020-01,Quick Pick fiction,3
Cambridgeshire,Ramsey Library,2020-01,Teenage,6
Cambridgeshire,Ramsey Library,2020-01,Young adult,2
Cambridgeshire,Rock Road Library,2019-12,Adult fiction,4
Cambridgeshire,Rock Road Library,2019-12,Adult fiction hardback,17
Cambridgeshire,Rock Road Library,2019-12,Adult fiction large print paperback,4
Cambridgeshire,Rock Road Library,2019-12,Adult fiction paperback,52
Cambridgeshire,Rock Road Library,2019-12,Adult non fiction hardback,9
Cambridgeshire,Rock Road Library,2019-12,Adult non fiction paperback,7
Cambridgeshire,Rock Road Library,2019-12,Adult non-fiction,1
Cambridgeshire,Rock Road Library,2019-12,Adult spoken word CD,1
Cambridgeshire,Rock Road Library,2019-12,Adult spoken word CD set,2
Cambridgeshire,Rock Road Library,2019-12,Blu-Ray: 12,1
Cambridgeshire,Rock Road Library,2019-12,Children's non-fiction,1
Cambridgeshire,Rock Road Library,2019-12,Children's spoken word CD set,4
Cambridgeshire,Rock Road Library,2019-12,DVD: 12,1
Cambridgeshire,Rock Road Library,2019-12,DVD: 15,1
Cambridgeshire,Rock Road Library,2019-12,DVD: PG,1
Cambridgeshire,Rock Road Library,2019-12,DVD: U,2
Cambridgeshire,Rock Road Library,2019-12,Junior fiction,200
Cambridgeshire,Rock Road Library,2019-12,Junior non-fiction,28
Cambridgeshire,Rock Road Library,2019-12,Teenage,10
Cambridgeshire,Rock Road Library,2019-12,Young adult,4
Cambridgeshire,Rock Road Library,2019-12,Young adult plus,3
Cambridgeshire,Rock Road Library,2020-01,Adult fiction,6
Cambridgeshire,Rock Road Library,2020-01,Adult fiction hardback,44
Cambridgeshire,Rock Road Library,2020-01,Adult fiction large print hardback,4
Cambridgeshire,Rock Road Library,2020-01,Adult fiction large print paperback,5
Cambridgeshire,Rock Road Library,2020-01,Adult fiction paperback,91
Cambridgeshire,Rock Road Library,2020-01,Adult non fiction hardback,24
Cambridgeshire,Rock Road Library,2020-01,Adult non fiction large print hardback,1
Cambridgeshire,Rock Road Library,2020-01,Adult non fiction paperback,23
Cambridgeshire,Rock Road Library,2020-01,Adult non-fiction,3
Cambridgeshire,Rock Road Library,2020-01,Adult spoken word CD set,9
Cambridgeshire,Rock Road Library,2020-01,Children's fiction,4
Cambridgeshire,Rock Road Library,2020-01,Children's non-fiction,1
Cambridgeshire,Rock Road Library,2020-01,Children's spoken word CD set,6
Cambridgeshire,Rock Road Library,2020-01,DVD: 12,1
Cambridgeshire,Rock Road Library,2020-01,DVD: U,2
Cambridgeshire,Rock Road Library,2020-01,Junior fiction,244
Cambridgeshire,Rock Road Library,2020-01,Junior non-fiction,68
Cambridgeshire,Rock Road Library,2020-01,Picture Book,2
Cambridgeshire,Rock Road Library,2020-01,Quick Pick fiction,1
Cambridgeshire,Rock Road Library,2020-01,Teenage,14
Cambridgeshire,Rock Road Library,2020-01,Young adult,6
Cambridgeshire,Rock Road Library,2020-01,Young adult plus,1
Cambridgeshire,Sawston Library,2019-12,Adult fiction,1
Cambridgeshire,Sawston Library,2019-12,Adult fiction hardback,18
Cambridgeshire,Sawston Library,2019-12,Adult fiction large print hardback,2
Cambridgeshire,Sawston Library,2019-12,Adult fiction paperback,47
Cambridgeshire,Sawston Library,2019-12,Adult non fiction hardback,7
Cambridgeshire,Sawston Library,2019-12,Adult non fiction paperback,16
Cambridgeshire,Sawston Library,2019-12,Adult spoken word CD,1
Cambridgeshire,Sawston Library,2019-12,Children's spoken word CD set,1
Cambridgeshire,Sawston Library,2019-12,Junior fiction,109
Cambridgeshire,Sawston Library,2019-12,Junior non-fiction,9
Cambridgeshire,Sawston Library,2019-12,Picture Book,2
Cambridgeshire,Sawston Library,2019-12,Quick Pick fiction,2
Cambridgeshire,Sawston Library,2020-01,Adult fiction,4
Cambridgeshire,Sawston Library,2020-01,Adult fiction hardback,20
Cambridgeshire,Sawston Library,2020-01,Adult fiction large print hardback,4
Cambridgeshire,Sawston Library,2020-01,Adult fiction large print paperback,6
Cambridgeshire,Sawston Library,2020-01,Adult fiction paperback,42
Cambridgeshire,Sawston Library,2020-01,Adult non fiction hardback,6
Cambridgeshire,Sawston Library,2020-01,Adult non fiction large print hardback,1
Cambridgeshire,Sawston Library,2020-01,Adult non fiction large print paperback,2
Cambridgeshire,Sawston Library,2020-01,Adult non fiction paperback,20
Cambridgeshire,Sawston Library,2020-01,Adult non-fiction,1
Cambridgeshire,Sawston Library,2020-01,Adult spoken word CD,2
Cambridgeshire,Sawston Library,2020-01,Adult spoken word CD set,7
Cambridgeshire,Sawston Library,2020-01,Children's spoken word cassette set,1
Cambridgeshire,Sawston Library,2020-01,Children's spoken word CD set,8
Cambridgeshire,Sawston Library,2020-01,Junior fiction,255
Cambridgeshire,Sawston Library,2020-01,Junior non-fiction,39
Cambridgeshire,Sawston Library,2020-01,Picture Book,1
Cambridgeshire,Sawston Library,2020-01,Quick Pick fiction,1
Cambridgeshire,Sawston Library,2020-01,Teenage,14
Cambridgeshire,Sawston Library,2020-01,Young adult,9
Cambridgeshire,Sawston Library,2020-01,Young adult plus,4
Cambridgeshire,Sawtry Library,2019-12,Adult fiction,2
Cambridgeshire,Sawtry Library,2019-12,Adult fiction hardback,15
Cambridgeshire,Sawtry Library,2019-12,Adult fiction large print hardback,1
Cambridgeshire,Sawtry Library,2019-12,Adult fiction paperback,41
Cambridgeshire,Sawtry Library,2019-12,Adult non fiction hardback,2
Cambridgeshire,Sawtry Library,2019-12,Adult non fiction large print hardback,1
Cambridgeshire,Sawtry Library,2019-12,Adult non fiction paperback,9
Cambridgeshire,Sawtry Library,2019-12,Adult non-fiction,1
Cambridgeshire,Sawtry Library,2019-12,Adult spoken word CD set,1
Cambridgeshire,Sawtry Library,2019-12,Children's fiction,2
Cambridgeshire,Sawtry Library,2019-12,Children's non-fiction,2
Cambridgeshire,Sawtry Library,2019-12,Inter-library loan,1
Cambridgeshire,Sawtry Library,2019-12,Junior fiction,39
Cambridgeshire,Sawtry Library,2019-12,Junior non-fiction,8
Cambridgeshire,Sawtry Library,2019-12,Quick Pick fiction,2
Cambridgeshire,Sawtry Library,2019-12,Teenage,1
Cambridgeshire,Sawtry Library,2019-12,Young adult,1
Cambridgeshire,Sawtry Library,2020-01,Adult fiction,6
Cambridgeshire,Sawtry Library,2020-01,Adult fiction hardback,22
Cambridgeshire,Sawtry Library,2020-01,Adult fiction large print hardback,2
Cambridgeshire,Sawtry Library,2020-01,Adult fiction large print paperback,1
Cambridgeshire,Sawtry Library,2020-01,Adult fiction paperback,42
Cambridgeshire,Sawtry Library,2020-01,Adult non fiction hardback,5
Cambridgeshire,Sawtry Library,2020-01,Adult non fiction paperback,7
Cambridgeshire,Sawtry Library,2020-01,Adult non-fiction,3
Cambridgeshire,Sawtry Library,2020-01,Children's fiction,2
Cambridgeshire,Sawtry Library,2020-01,Junior fiction,47
Cambridgeshire,Sawtry Library,2020-01,Junior non-fiction,11
Cambridgeshire,Sawtry Library,2020-01,Teenage,1
Cambridgeshire,Soham Library,2019-12,Adult fiction,3
Cambridgeshire,Soham Library,2019-12,Adult fiction hardback,15
Cambridgeshire,Soham Library,2019-12,Adult fiction large print hardback,1
Cambridgeshire,Soham Library,2019-12,Adult fiction paperback,53
Cambridgeshire,Soham Library,2019-12,Adult non fiction hardback,12
Cambridgeshire,Soham Library,2019-12,Adult non fiction paperback,12
Cambridgeshire,Soham Library,2019-12,Children's non-fiction,2
Cambridgeshire,Soham Library,2019-12,Junior fiction,94
Cambridgeshire,Soham Library,2019-12,Junior non-fiction,19
Cambridgeshire,Soham Library,2019-12,Map,1
Cambridgeshire,Soham Library,2019-12,Picture Book,2
Cambridgeshire,Soham Library,2019-12,Quick Pick fiction,5
Cambridgeshire,Soham Library,2019-12,Teenage,4
Cambridgeshire,Soham Library,2019-12,Young adult plus,1
Cambridgeshire,Soham Library,2020-01,Adult fiction,5
Cambridgeshire,Soham Library,2020-01,Adult fiction hardback,30
Cambridgeshire,Soham Library,2020-01,Adult fiction large print hardback,3
Cambridgeshire,Soham Library,2020-01,Adult fiction large print paperback,1
Cambridgeshire,Soham Library,2020-01,Adult fiction paperback,69
Cambridgeshire,Soham Library,2020-01,Adult non fiction hardback,8
Cambridgeshire,Soham Library,2020-01,Adult non fiction large print hardback,3
Cambridgeshire,Soham Library,2020-01,Adult non fiction paperback,15
Cambridgeshire,Soham Library,2020-01,Children's non-fiction,2
Cambridgeshire,Soham Library,2020-01,Children's spoken word CD set,1
Cambridgeshire,Soham Library,2020-01,DVD: 15,2
Cambridgeshire,Soham Library,2020-01,Junior fiction,102
Cambridgeshire,Soham Library,2020-01,Junior non-fiction,22
Cambridgeshire,Soham Library,2020-01,Picture Book,1
Cambridgeshire,Soham Library,2020-01,Quick Pick fiction,6
Cambridgeshire,Somersham Library Access Point,2019-12,Adult fiction hardback,3
Cambridgeshire,Somersham Library Access Point,2019-12,Adult fiction paperback,14
Cambridgeshire,Somersham Library Access Point,2019-12,Junior fiction,23
Cambridgeshire,Somersham Library Access Point,2019-12,Junior non-fiction,5
Cambridgeshire,Somersham Library Access Point,2019-12,Picture Book,1
Cambridgeshire,Somersham Library Access Point,2019-12,Young adult plus,3
Cambridgeshire,Somersham Library Access Point,2020-01,Adult fiction,1
Cambridgeshire,Somersham Library Access Point,2020-01,Adult fiction hardback,10
Cambridgeshire,Somersham Library Access Point,2020-01,Adult fiction large print hardback,2
Cambridgeshire,Somersham Library Access Point,2020-01,Adult fiction large print paperback,8
Cambridgeshire,Somersham Library Access Point,2020-01,Adult fiction paperback,59
Cambridgeshire,Somersham Library Access Point,2020-01,Adult non fiction hardback,9
Cambridgeshire,Somersham Library Access Point,2020-01,Adult non fiction paperback,4
Cambridgeshire,Somersham Library Access Point,2020-01,Adult non-fiction,1
Cambridgeshire,Somersham Library Access Point,2020-01,Children's fiction,1
Cambridgeshire,Somersham Library Access Point,2020-01,DVD: 15,1
Cambridgeshire,Somersham Library Access Point,2020-01,Junior fiction,93
Cambridgeshire,Somersham Library Access Point,2020-01,Junior non-fiction,10
Cambridgeshire,Somersham Library Access Point,2020-01,Picture Book,3
Cambridgeshire,Somersham Library Access Point,2020-01,Teenage,1
Cambridgeshire,Somersham Library Access Point,2020-01,Young adult,6
Cambridgeshire,Somersham Library Access Point,2020-01,Young adult plus,4
Cambridgeshire,Somersham Library Access Point,2020-01,Adult fiction hardback,1
Cambridgeshire,Somersham Library Access Point,2020-01,Adult non fiction hardback,1
Cambridgeshire,Somersham Library Access Point,2020-01,Adult non fiction paperback,2
Cambridgeshire,Somersham Library Access Point,2020-01,Junior fiction,2
Cambridgeshire,St Ives Library,2019-12,Adult fiction,41
Cambridgeshire,St Ives Library,2019-12,Adult fiction hardback,178
Cambridgeshire,St Ives Library,2019-12,Adult fiction large print hardback,34
Cambridgeshire,St Ives Library,2019-12,Adult fiction large print paperback,38
Cambridgeshire,St Ives Library,2019-12,Adult fiction paperback,346
Cambridgeshire,St Ives Library,2019-12,Adult non fiction hardback,71
Cambridgeshire,St Ives Library,2019-12,Adult non fiction large print hardback,1
Cambridgeshire,St Ives Library,2019-12,Adult non fiction large print paperback,1
Cambridgeshire,St Ives Library,2019-12,Adult non fiction paperback,116
Cambridgeshire,St Ives Library,2019-12,Adult non-fiction,8
Cambridgeshire,St Ives Library,2019-12,Adult spoken word CD,1
Cambridgeshire,St Ives Library,2019-12,Adult spoken word CD set,6
Cambridgeshire,St Ives Library,2019-12,Children's fiction,15
Cambridgeshire,St Ives Library,2019-12,Children's non-fiction,1
Cambridgeshire,St Ives Library,2019-12,Children's spoken word CD set,10
Cambridgeshire,St Ives Library,2019-12,DVD: 12,1
Cambridgeshire,St Ives Library,2019-12,DVD: 15,2
Cambridgeshire,St Ives Library,2019-12,DVD: PG,3
Cambridgeshire,St Ives Library,2019-12,DVD: U,5
Cambridgeshire,St Ives Library,2019-12,Junior fiction,424
Cambridgeshire,St Ives Library,2019-12,Junior non-fiction,71
Cambridgeshire,St Ives Library,2019-12,Music score,1
Cambridgeshire,St Ives Library,2019-12,Quick Pick fiction,1
Cambridgeshire,St Ives Library,2019-12,Teenage,5
Cambridgeshire,St Ives Library,2019-12,Young adult,2
Cambridgeshire,St Ives Library,2019-12,Young adult plus,2
Cambridgeshire,St Ives Library,2020-01,Adult fiction,94
Cambridgeshire,St Ives Library,2020-01,Adult fiction hardback,318
Cambridgeshire,St Ives Library,2020-01,Adult fiction large print hardback,45
Cambridgeshire,St Ives Library,2020-01,Adult fiction large print paperback,47
Cambridgeshire,St Ives Library,2020-01,Adult fiction paperback,607
Cambridgeshire,St Ives Library,2020-01,Adult non fiction hardback,67
Cambridgeshire,St Ives Library,2020-01,Adult non fiction large print hardback,1
Cambridgeshire,St Ives Library,2020-01,Adult non fiction large print paperback,1
Cambridgeshire,St Ives Library,2020-01,Adult non fiction paperback,158
Cambridgeshire,St Ives Library,2020-01,Adult non-fiction,10
Cambridgeshire,St Ives Library,2020-01,Adult spoken word cassette set,11
Cambridgeshire,St Ives Library,2020-01,Adult spoken word CD,3
Cambridgeshire,St Ives Library,2020-01,Adult spoken word CD set,28
Cambridgeshire,St Ives Library,2020-01,CD,3
Cambridgeshire,St Ives Library,2020-01,CD set,1
Cambridgeshire,St Ives Library,2020-01,Children's fiction,7
Cambridgeshire,St Ives Library,2020-01,Children's non-fiction,2
Cambridgeshire,St Ives Library,2020-01,DVD: 12,7
Cambridgeshire,St Ives Library,2020-01,DVD: 15,5
Cambridgeshire,St Ives Library,2020-01,DVD: PG,5
Cambridgeshire,St Ives Library,2020-01,DVD: U,1
Cambridgeshire,St Ives Library,2020-01,Junior fiction,417
Cambridgeshire,St Ives Library,2020-01,Junior non-fiction,59
Cambridgeshire,St Ives Library,2020-01,Map,5
Cambridgeshire,St Ives Library,2020-01,Music CD,1
Cambridgeshire,St Ives Library,2020-01,Quick Pick fiction,2
Cambridgeshire,St Ives Library,2020-01,Teenage,9
Cambridgeshire,St Ives Library,2020-01,Young adult,1
Cambridgeshire,St Ives Library,2020-01,Young adult plus,2
Cambridgeshire,St Ives Library,2020-01,Adult fiction,3
Cambridgeshire,St Ives Library,2020-01,Adult fiction hardback,16
Cambridgeshire,St Ives Library,2020-01,Adult fiction large print hardback,2
Cambridgeshire,St Ives Library,2020-01,Adult fiction paperback,10
Cambridgeshire,St Ives Library,2020-01,Adult non fiction hardback,8
Cambridgeshire,St Ives Library,2020-01,Adult non fiction paperback,13
Cambridgeshire,St Ives Library,2020-01,Children's fiction,1
Cambridgeshire,St Ives Library,2020-01,Children's spoken word CD set,3
Cambridgeshire,St Ives Library,2020-01,Junior fiction,45
Cambridgeshire,St Ives Library,2020-01,Junior non-fiction,10
Cambridgeshire,St Ives Library,2020-01,Map,3
Cambridgeshire,St Ives Library,2020-01,Teenage,1
Cambridgeshire,St Neots Library,2019-12,Adult fiction,43
Cambridgeshire,St Neots Library,2019-12,Adult fiction hardback,117
Cambridgeshire,St Neots Library,2019-12,Adult fiction large print hardback,11
Cambridgeshire,St Neots Library,2019-12,Adult fiction large print paperback,15
Cambridgeshire,St Neots Library,2019-12,Adult fiction paperback,384
Cambridgeshire,St Neots Library,2019-12,Adult non fiction hardback,29
Cambridgeshire,St Neots Library,2019-12,Adult non fiction large print paperback,1
Cambridgeshire,St Neots Library,2019-12,Adult non fiction paperback,49
Cambridgeshire,St Neots Library,2019-12,Adult non-fiction,1
Cambridgeshire,St Neots Library,2019-12,Adult spoken word cassette set,4
Cambridgeshire,St Neots Library,2019-12,Adult spoken word CD set,24
Cambridgeshire,St Neots Library,2019-12,Children's fiction,28
Cambridgeshire,St Neots Library,2019-12,Children's non-fiction,3
Cambridgeshire,St Neots Library,2019-12,Children's spoken word CD set,4
Cambridgeshire,St Neots Library,2019-12,DVD: 12,6
Cambridgeshire,St Neots Library,2019-12,DVD: 15,2
Cambridgeshire,St Neots Library,2019-12,DVD: PG,6
Cambridgeshire,St Neots Library,2019-12,Junior fiction,618
Cambridgeshire,St Neots Library,2019-12,Junior non-fiction,61
Cambridgeshire,St Neots Library,2019-12,Map,3
Cambridgeshire,St Neots Library,2019-12,Picture Book,3
Cambridgeshire,St Neots Library,2019-12,Quick Pick fiction,5
Cambridgeshire,St Neots Library,2019-12,Teenage,10
Cambridgeshire,St Neots Library,2019-12,Young adult,3
Cambridgeshire,St Neots Library,2019-12,Young adult plus,1
Cambridgeshire,St Neots Library,2020-01,Adult fiction,69
Cambridgeshire,St Neots Library,2020-01,Adult fiction hardback,140
Cambridgeshire,St Neots Library,2020-01,Adult fiction large print hardback,38
Cambridgeshire,St Neots Library,2020-01,Adult fiction large print paperback,65
Cambridgeshire,St Neots Library,2020-01,Adult fiction paperback,472
Cambridgeshire,St Neots Library,2020-01,Adult non fiction hardback,45
Cambridgeshire,St Neots Library,2020-01,Adult non fiction large print hardback,1
Cambridgeshire,St Neots Library,2020-01,Adult non fiction large print paperback,4
Cambridgeshire,St Neots Library,2020-01,Adult non fiction paperback,86
Cambridgeshire,St Neots Library,2020-01,Adult non-fiction,3
Cambridgeshire,St Neots Library,2020-01,Adult spoken word CD set,21
Cambridgeshire,St Neots Library,2020-01,Children's fiction,18
Cambridgeshire,St Neots Library,2020-01,Children's non-fiction,3
Cambridgeshire,St Neots Library,2020-01,Children's spoken word CD set,5
Cambridgeshire,St Neots Library,2020-01,Devices and electronics,1
Cambridgeshire,St Neots Library,2020-01,DVD: 12,3
Cambridgeshire,St Neots Library,2020-01,DVD: PG,4
Cambridgeshire,St Neots Library,2020-01,DVD: U,1
Cambridgeshire,St Neots Library,2020-01,Junior fiction,653
Cambridgeshire,St Neots Library,2020-01,Junior fiction paperback,1
Cambridgeshire,St Neots Library,2020-01,Junior large print,1
Cambridgeshire,St Neots Library,2020-01,Junior non-fiction,104
Cambridgeshire,St Neots Library,2020-01,Picture Book,2
Cambridgeshire,St Neots Library,2020-01,Quick Pick fiction,5
Cambridgeshire,St Neots Library,2020-01,Teenage,24
Cambridgeshire,St Neots Library,2020-01,Young adult,5
Cambridgeshire,St Neots Library,2020-01,Young adult plus,4
Cambridgeshire,Swavesey Library Access Point,2019-12,Adult fiction paperback,11
Cambridgeshire,Swavesey Library Access Point,2019-12,Adult non fiction hardback,1
Cambridgeshire,Swavesey Library Access Point,2019-12,Children's fiction,1
Cambridgeshire,Swavesey Library Access Point,2019-12,Children's non-fiction,1
Cambridgeshire,Swavesey Library Access Point,2019-12,Junior fiction,11
Cambridgeshire,Swavesey Library Access Point,2019-12,Quick Pick fiction,1
Cambridgeshire,Swavesey Library Access Point,2019-12,Teenage,1
Cambridgeshire,Swavesey Library Access Point,2019-12,Young adult,1
Cambridgeshire,Swavesey Library Access Point,2020-01,Adult fiction,1
Cambridgeshire,Swavesey Library Access Point,2020-01,Adult fiction hardback,1
Cambridgeshire,Swavesey Library Access Point,2020-01,Adult fiction large print paperback,1
Cambridgeshire,Swavesey Library Access Point,2020-01,Adult fiction paperback,17
Cambridgeshire,Swavesey Library Access Point,2020-01,Adult non fiction hardback,3
Cambridgeshire,Swavesey Library Access Point,2020-01,Adult non-fiction,1
Cambridgeshire,Swavesey Library Access Point,2020-01,Children's non-fiction,2
Cambridgeshire,Swavesey Library Access Point,2020-01,Junior fiction,13
Cambridgeshire,Swavesey Library Access Point,2020-01,Junior non-fiction,2
Cambridgeshire,Swavesey Library Access Point,2020-01,Quick Pick fiction,2
Cambridgeshire,Swavesey Library Access Point,2020-01,Teenage,1
Cambridgeshire,Warboys Library,2019-12,Adult fiction,3
Cambridgeshire,Warboys Library,2019-12,Adult fiction hardback,28
Cambridgeshire,Warboys Library,2019-12,Adult fiction large print hardback,4
Cambridgeshire,Warboys Library,2019-12,Adult fiction paperback,65
Cambridgeshire,Warboys Library,2019-12,Adult non fiction hardback,6
Cambridgeshire,Warboys Library,2019-12,Adult non fiction paperback,3
Cambridgeshire,Warboys Library,2019-12,Junior fiction,27
Cambridgeshire,Warboys Library,2019-12,Junior non-fiction,4
Cambridgeshire,Warboys Library,2019-12,Picture Book,1
Cambridgeshire,Warboys Library,2019-12,Quick Pick fiction,21
Cambridgeshire,Warboys Library,2020-01,Adult fiction,15
Cambridgeshire,Warboys Library,2020-01,Adult fiction hardback,13
Cambridgeshire,Warboys Library,2020-01,Adult fiction large print hardback,4
Cambridgeshire,Warboys Library,2020-01,Adult fiction large print paperback,1
Cambridgeshire,Warboys Library,2020-01,Adult fiction paperback,71
Cambridgeshire,Warboys Library,2020-01,Adult non fiction hardback,7
Cambridgeshire,Warboys Library,2020-01,Adult non fiction paperback,7
Cambridgeshire,Warboys Library,2020-01,Adult non-fiction,1
Cambridgeshire,Warboys Library,2020-01,Adult spoken word cassette,3
Cambridgeshire,Warboys Library,2020-01,Adult spoken word cassette set,9
Cambridgeshire,Warboys Library,2020-01,Adult spoken word CD set,16
Cambridgeshire,Warboys Library,2020-01,Junior fiction,43
Cambridgeshire,Warboys Library,2020-01,Junior non-fiction,8
Cambridgeshire,Warboys Library,2020-01,Quick Pick fiction,19
Cambridgeshire,Warboys Library,2020-01,Teenage,1
Cambridgeshire,Waterbeach Library Access Point,2019-12,Adult fiction hardback,1
Cambridgeshire,Waterbeach Library Access Point,2019-12,Adult fiction paperback,17
Cambridgeshire,Waterbeach Library Access Point,2019-12,Adult non fiction hardback,1
Cambridgeshire,Waterbeach Library Access Point,2019-12,Adult non fiction paperback,2
Cambridgeshire,Waterbeach Library Access Point,2019-12,Junior fiction,61
Cambridgeshire,Waterbeach Library Access Point,2019-12,Junior large print,2
Cambridgeshire,Waterbeach Library Access Point,2019-12,Junior non-fiction,6
Cambridgeshire,Waterbeach Library Access Point,2019-12,Picture Book,1
Cambridgeshire,Waterbeach Library Access Point,2019-12,Young adult,2
Cambridgeshire,Waterbeach Library Access Point,2020-01,Adult fiction hardback,3
Cambridgeshire,Waterbeach Library Access Point,2020-01,Adult fiction large print paperback,2
Cambridgeshire,Waterbeach Library Access Point,2020-01,Adult fiction paperback,57
Cambridgeshire,Waterbeach Library Access Point,2020-01,Adult non fiction hardback,2
Cambridgeshire,Waterbeach Library Access Point,2020-01,Adult non fiction paperback,4
Cambridgeshire,Waterbeach Library Access Point,2020-01,Adult non-fiction,2
Cambridgeshire,Waterbeach Library Access Point,2020-01,Adult spoken word CD set,1
Cambridgeshire,Waterbeach Library Access Point,2020-01,DVD: 12,1
Cambridgeshire,Waterbeach Library Access Point,2020-01,DVD: 15,1
Cambridgeshire,Waterbeach Library Access Point,2020-01,Junior fiction,214
Cambridgeshire,Waterbeach Library Access Point,2020-01,Junior large print,2
Cambridgeshire,Waterbeach Library Access Point,2020-01,Junior non-fiction,46
Cambridgeshire,Waterbeach Library Access Point,2020-01,Young adult,10
Cambridgeshire,Whittlesey Library Learning Centre,2019-12,Adult fiction,9
Cambridgeshire,Whittlesey Library Learning Centre,2019-12,Adult fiction hardback,29
Cambridgeshire,Whittlesey Library Learning Centre,2019-12,Adult fiction large print hardback,9
Cambridgeshire,Whittlesey Library Learning Centre,2019-12,Adult fiction large print paperback,9
Cambridgeshire,Whittlesey Library Learning Centre,2019-12,Adult fiction paperback,86
Cambridgeshire,Whittlesey Library Learning Centre,2019-12,Adult non fiction hardback,7
Cambridgeshire,Whittlesey Library Learning Centre,2019-12,Adult non fiction large print hardback,1
Cambridgeshire,Whittlesey Library Learning Centre,2019-12,Adult non fiction paperback,8
Cambridgeshire,Whittlesey Library Learning Centre,2019-12,Adult non-fiction,1
Cambridgeshire,Whittlesey Library Learning Centre,2019-12,Adult spoken word CD set,11
Cambridgeshire,Whittlesey Library Learning Centre,2019-12,Children's fiction,1
Cambridgeshire,Whittlesey Library Learning Centre,2019-12,Children's spoken word CD set,3
Cambridgeshire,Whittlesey Library Learning Centre,2019-12,DVD: 12,1
Cambridgeshire,Whittlesey Library Learning Centre,2019-12,Junior fiction,47
Cambridgeshire,Whittlesey Library Learning Centre,2019-12,Junior non-fiction,4
Cambridgeshire,Whittlesey Library Learning Centre,2019-12,Quick Pick fiction,2
Cambridgeshire,Whittlesey Library Learning Centre,2019-12,Young adult,2
Cambridgeshire,Whittlesey Library Learning Centre,2020-01,Adult fiction,16
Cambridgeshire,Whittlesey Library Learning Centre,2020-01,Adult fiction hardback,30
Cambridgeshire,Whittlesey Library Learning Centre,2020-01,Adult fiction large print hardback,10
Cambridgeshire,Whittlesey Library Learning Centre,2020-01,Adult fiction large print paperback,1
Cambridgeshire,Whittlesey Library Learning Centre,2020-01,Adult fiction paperback,112
Cambridgeshire,Whittlesey Library Learning Centre,2020-01,Adult non fiction hardback,15
Cambridgeshire,Whittlesey Library Learning Centre,2020-01,Adult non fiction paperback,18
Cambridgeshire,Whittlesey Library Learning Centre,2020-01,Adult non-fiction,3
Cambridgeshire,Whittlesey Library Learning Centre,2020-01,Adult spoken word CD set,4
Cambridgeshire,Whittlesey Library Learning Centre,2020-01,Children's fiction,2
Cambridgeshire,Whittlesey Library Learning Centre,2020-01,Children's non-fiction,1
Cambridgeshire,Whittlesey Library Learning Centre,2020-01,Children's spoken word CD set,2
Cambridgeshire,Whittlesey Library Learning Centre,2020-01,Junior fiction,163
Cambridgeshire,Whittlesey Library Learning Centre,2020-01,Junior non-fiction,20
Cambridgeshire,Whittlesey Library Learning Centre,2020-01,Quick Pick fiction,2
Cambridgeshire,Whittlesey Library Learning Centre,2020-01,Teenage,3
Cambridgeshire,Whittlesey Library Learning Centre,2020-01,Young adult,1
Cambridgeshire,Whittlesey Library Learning Centre,2020-01,Young adult plus,1
Cambridgeshire,Willingham Library,2019-12,Adult fiction,2
Cambridgeshire,Willingham Library,2019-12,Adult fiction hardback,11
Cambridgeshire,Willingham Library,2019-12,Adult fiction paperback,55
Cambridgeshire,Willingham Library,2019-12,Adult non fiction hardback,10
Cambridgeshire,Willingham Library,2019-12,Adult non fiction paperback,11
Cambridgeshire,Willingham Library,2019-12,Junior fiction,41
Cambridgeshire,Willingham Library,2019-12,Junior non-fiction,5
Cambridgeshire,Willingham Library,2019-12,Teenage,1
Cambridgeshire,Willingham Library,2019-12,Young adult,1
Cambridgeshire,Willingham Library,2019-12,Young adult plus,1
Cambridgeshire,Willingham Library,2020-01,Adult fiction,7
Cambridgeshire,Willingham Library,2020-01,Adult fiction hardback,32
Cambridgeshire,Willingham Library,2020-01,Adult fiction large print paperback,1
Cambridgeshire,Willingham Library,2020-01,Adult fiction paperback,48
Cambridgeshire,Willingham Library,2020-01,Adult non fiction hardback,5
Cambridgeshire,Willingham Library,2020-01,Adult non fiction paperback,5
Cambridgeshire,Willingham Library,2020-01,Children's fiction,1
Cambridgeshire,Willingham Library,2020-01,Junior fiction,66
Cambridgeshire,Willingham Library,2020-01,Junior non-fiction,2
Cambridgeshire,Willingham Library,2020-01,Quick Pick fiction,2
Cambridgeshire,Willingham Library,2020-01,Teenage,3
Cambridgeshire,Willingham Library,2020-01,Young adult,1
Cambridgeshire,Willingham Library,2020-01,Young adult plus,2
Cambridgeshire,Wisbech Library,2019-12,Adult fiction,18
Cambridgeshire,Wisbech Library,2019-12,Adult fiction hardback,90
Cambridgeshire,Wisbech Library,2019-12,Adult fiction large print hardback,23
Cambridgeshire,Wisbech Library,2019-12,Adult fiction large print paperback,18
Cambridgeshire,Wisbech Library,2019-12,Adult fiction paperback,200
Cambridgeshire,Wisbech Library,2019-12,Adult non fiction hardback,46
Cambridgeshire,Wisbech Library,2019-12,Adult non fiction large print hardback,1
Cambridgeshire,Wisbech Library,2019-12,Adult non fiction paperback,42
Cambridgeshire,Wisbech Library,2019-12,Adult non-fiction,21
Cambridgeshire,Wisbech Library,2019-12,Adult spoken word cassette set,8
Cambridgeshire,Wisbech Library,2019-12,Adult spoken word CD set,18
Cambridgeshire,Wisbech Library,2019-12,Children's fiction,6
Cambridgeshire,Wisbech Library,2019-12,Children's non-fiction,1
Cambridgeshire,Wisbech Library,2019-12,DVD: PG,1
Cambridgeshire,Wisbech Library,2019-12,Junior fiction,159
Cambridgeshire,Wisbech Library,2019-12,Junior non-fiction,31
Cambridgeshire,Wisbech Library,2019-12,Music score,1
Cambridgeshire,Wisbech Library,2019-12,Picture Book,1
Cambridgeshire,Wisbech Library,2019-12,Quick Pick fiction,11
Cambridgeshire,Wisbech Library,2019-12,Quick Pick non-fiction,1
Cambridgeshire,Wisbech Library,2019-12,Teenage,1
Cambridgeshire,Wisbech Library,2019-12,Young adult,4
Cambridgeshire,Wisbech Library,2020-01,Adult fiction,49
Cambridgeshire,Wisbech Library,2020-01,Adult fiction hardback,165
Cambridgeshire,Wisbech Library,2020-01,Adult fiction large print hardback,10
Cambridgeshire,Wisbech Library,2020-01,Adult fiction large print paperback,13
Cambridgeshire,Wisbech Library,2020-01,Adult fiction paperback,317
Cambridgeshire,Wisbech Library,2020-01,Adult non fiction hardback,37
Cambridgeshire,Wisbech Library,2020-01,Adult non fiction large print hardback,1
Cambridgeshire,Wisbech Library,2020-01,Adult non fiction paperback,57
Cambridgeshire,Wisbech Library,2020-01,Adult non-fiction,16
Cambridgeshire,Wisbech Library,2020-01,Adult spoken word CD set,15
Cambridgeshire,Wisbech Library,2020-01,Children's fiction,4
Cambridgeshire,Wisbech Library,2020-01,Children's non-fiction,1
Cambridgeshire,Wisbech Library,2020-01,Children's spoken word CD set,1
Cambridgeshire,Wisbech Library,2020-01,DVD: 15,2
Cambridgeshire,Wisbech Library,2020-01,DVD: U,3
Cambridgeshire,Wisbech Library,2020-01,Junior fiction,229
Cambridgeshire,Wisbech Library,2020-01,Junior non-fiction,40
Cambridgeshire,Wisbech Library,2020-01,Music score,1
Cambridgeshire,Wisbech Library,2020-01,Picture Book,6
Cambridgeshire,Wisbech Library,2020-01,Quick Pick fiction,3
Cambridgeshire,Wisbech Library,2020-01,Teenage,7
Cambridgeshire,Yaxley Library,2019-12,Adult fiction,12
Cambridgeshire,Yaxley Library,2019-12,Adult fiction hardback,27
Cambridgeshire,Yaxley Library,2019-12,Adult fiction large print hardback,7
Cambridgeshire,Yaxley Library,2019-12,Adult fiction large print paperback,2
Cambridgeshire,Yaxley Library,2019-12,Adult fiction paperback,64
Cambridgeshire,Yaxley Library,2019-12,Adult non fiction hardback,4
Cambridgeshire,Yaxley Library,2019-12,Adult non fiction paperback,13
Cambridgeshire,Yaxley Library,2019-12,Adult non-fiction,8
Cambridgeshire,Yaxley Library,2019-12,Adult spoken word CD,1
Cambridgeshire,Yaxley Library,2019-12,Adult spoken word CD set,1
Cambridgeshire,Yaxley Library,2019-12,Children's fiction,5
Cambridgeshire,Yaxley Library,2019-12,Children's non-fiction,2
Cambridgeshire,Yaxley Library,2019-12,Junior fiction,124
Cambridgeshire,Yaxley Library,2019-12,Junior non-fiction,26
Cambridgeshire,Yaxley Library,2019-12,Picture Book,1
Cambridgeshire,Yaxley Library,2019-12,Quick Pick fiction,1
Cambridgeshire,Yaxley Library,2019-12,Reading Group,1
Cambridgeshire,Yaxley Library,2019-12,Teenage,3
Cambridgeshire,Yaxley Library,2019-12,Young adult plus,1
Cambridgeshire,Yaxley Library,2020-01,Adult fiction,4
Cambridgeshire,Yaxley Library,2020-01,Adult fiction hardback,47
Cambridgeshire,Yaxley Library,2020-01,Adult fiction large print hardback,12
Cambridgeshire,Yaxley Library,2020-01,Adult fiction large print paperback,6
Cambridgeshire,Yaxley Library,2020-01,Adult fiction paperback,85
Cambridgeshire,Yaxley Library,2020-01,Adult non fiction hardback,14
Cambridgeshire,Yaxley Library,2020-01,Adult non fiction large print hardback,1
Cambridgeshire,Yaxley Library,2020-01,Adult non fiction large print paperback,1
Cambridgeshire,Yaxley Library,2020-01,Adult non fiction paperback,13
Cambridgeshire,Yaxley Library,2020-01,Adult non-fiction,4
Cambridgeshire,Yaxley Library,2020-01,Adult spoken word CD set,2
Cambridgeshire,Yaxley Library,2020-01,Children's fiction,5
Cambridgeshire,Yaxley Library,2020-01,DVD: 12,1
Cambridgeshire,Yaxley Library,2020-01,Junior fiction,160
Cambridgeshire,Yaxley Library,2020-01,Junior non-fiction,22
Cambridgeshire,Yaxley Library,2020-01,Picture Book,2
Cambridgeshire,Yaxley Library,2020-01,Quick Pick fiction,2
Cambridgeshire,Yaxley Library,2020-01,Teenage,1
Cambridgeshire,Yaxley Library,2020-01,Young adult,4
Cambridgeshire,Yaxley Library,2020-01,Young adult plus,1
