TransactionID,CheckoutDate,DueDate,ReturnDate,Branch,PatronType,ItemCategory,FineAmount,ReplacementCost
10001,2025-07-10,2025-07-24,2025-07-24,Main Branch,Senior,Audiobook,0.00,20.00
10002,2025-09-29,2025-10-13,2025-10-09,North Branch,Adult,Graphic Novel,0.00,16.00
10003,2025-05-09,2025-05-16,2025-05-18,South Branch,Senior,DVD,1.00,15.00
10004,2025-08-29,2025-09-12,2025-09-14,Main Branch,Senior,Non-Fiction,1.00,45.00
10005,2025-06-24,2025-07-08,2025-07-06,Main Branch,Adult,Audiobook,0.00,20.00
10006,2025-03-19,2025-03-26,2025-04-02,South Branch,Student,DVD,3.50,20.00
10007,2025-11-27,2025-12-11,2025-12-21,North Branch,Senior,Graphic Novel,5.00,16.00
10008,2025-05-22,2025-06-05,2025-06-09,North Branch,Adult,Reference,2.00,150.00
10009,2025-02-17,2025-02-24,2025-02-28,North Branch,Student,DVD,2.00,18.00
10010,2025-06-16,2025-06-23,2025-06-26,Main Branch,Senior,DVD,1.50,15.00
10011,2025-10-08,2025-10-15,2025-10-20,North Branch,Senior,DVD,2.50,18.00
10012,2025-02-19,2025-03-05,2025-03-07,South Branch,Teacher,Non-Fiction,1.00,25.00
10013,2025-06-03,2025-06-10,2025-06-08,Main Branch,Teacher,DVD,0.00,18.00
10014,2025-06-20,2025-07-04,2025-07-09,Main Branch,Adult,Reference,2.50,85.00
10015,2025-07-21,2025-08-04,2025-08-05,North Branch,Senior,Non-Fiction,0.50,45.00
10016,2025-07-16,2025-07-30,2025-07-25,South Branch,Teacher,Audiobook,0.00,20.00
10017,2025-04-11,2025-04-18,2025-04-16,Main Branch,Adult,DVD,0.00,18.00
10018,2025-04-19,2025-05-03,2025-05-04,South Branch,Student,Graphic Novel,0.50,15.00
10019,2025-09-01,2025-09-15,2025-09-13,South Branch,Teacher,Graphic Novel,0.00,14.00
10020,2025-11-15,2025-11-29,2025-11-29,South Branch,Teacher,Graphic Novel,0.00,15.00
10021,2025-01-12,2025-01-19,2025-01-21,North Branch,Adult,DVD,1.00,20.00
10022,2025-04-26,2025-05-10,2025-05-06,North Branch,Adult,Non-Fiction,0.00,25.00
10023,2025-03-09,2025-03-16,2025-03-19,North Branch,Senior,DVD,1.50,20.00
10024,2025-01-14,2025-01-28,2025-02-02,North Branch,Senior,Reference,2.50,95.00
10025,2025-11-13,2025-11-27,2025-12-05,North Branch,Student,Fiction,4.00,20.00
10026,2025-01-18,2025-02-01,2025-02-05,South Branch,Senior,Audiobook,2.00,15.00
10027,2025-01-30,2025-02-13,2025-02-10,North Branch,Senior,Non-Fiction,0.00,30.00
10028,2025-02-25,2025-03-11,2025-03-13,North Branch,Adult,Audiobook,1.00,20.00
10029,2025-10-03,2025-10-17,2025-10-18,South Branch,Adult,Audiobook,0.50,15.00
10030,2025-08-29,2025-09-12,2025-09-16,North Branch,Senior,Non-Fiction,2.00,25.00
10031,2025-03-30,2025-04-13,2025-04-17,North Branch,Senior,Audiobook,2.00,15.00
10032,2025-02-01,2025-02-15,2025-02-16,Main Branch,Teacher,Fiction,0.50,24.00
10033,2025-01-14,2025-01-28,2025-01-25,North Branch,Student,Reference,0.00,95.00
10034,2025-11-10,2025-11-24,2025-11-19,North Branch,Senior,Graphic Novel,0.00,18.00
10035,2025-05-30,2025-06-13,2025-06-22,South Branch,Student,Graphic Novel,4.50,14.00
10036,2025-03-20,2025-04-03,2025-04-06,North Branch,Student,Reference,1.50,95.00
10037,2025-02-09,2025-02-16,2025-02-17,North Branch,Adult,DVD,0.50,18.00
10038,2025-03-03,2025-03-17,2025-03-18,South Branch,Student,Audiobook,0.50,25.00
10039,2025-05-15,2025-05-22,2025-05-19,South Branch,Teacher,DVD,0.00,18.00
10040,2025-06-18,2025-07-02,2025-07-03,North Branch,Adult,Graphic Novel,0.50,18.00
10041,2025-02-23,2025-03-09,2025-03-05,Main Branch,Teacher,Reference,0.00,150.00
10042,2025-04-29,2025-05-13,2025-05-09,North Branch,Senior,Audiobook,0.00,15.00
10043,2025-06-23,2025-07-07,2025-07-11,North Branch,Teacher,Audiobook,2.00,15.00
10044,2025-05-18,2025-05-25,2025-05-24,Main Branch,Adult,DVD,0.00,15.00
10045,2025-05-05,2025-05-19,2025-05-25,Main Branch,Teacher,Reference,3.00,85.00
10046,2025-11-21,2025-11-28,2025-12-01,North Branch,Teacher,DVD,1.50,18.00
10047,2025-08-23,2025-09-06,2025-09-14,Main Branch,Senior,Graphic Novel,4.00,18.00
10048,2025-10-05,2025-10-19,2025-10-16,Main Branch,Adult,Audiobook,0.00,15.00
10049,2025-07-19,2025-08-02,2025-08-04,South Branch,Senior,Non-Fiction,1.00,40.00
10050,2025-08-25,2025-09-08,2025-09-05,Main Branch,Adult,Fiction,0.00,20.00
10051,2025-07-05,2025-07-19,2025-07-16,Main Branch,Student,Reference,0.00,150.00
10052,2025-10-06,2025-10-20,2025-10-18,Main Branch,Adult,Non-Fiction,0.00,25.00
10053,2025-06-09,2025-06-23,2025-07-01,North Branch,Student,Reference,4.00,150.00
10054,2025-10-21,2025-11-04,2025-11-06,Main Branch,Adult,Audiobook,1.00,18.00
10055,2025-04-27,2025-05-11,2025-05-19,North Branch,Teacher,Graphic Novel,4.00,18.00
10056,2025-11-05,2025-11-19,2025-11-19,Main Branch,Student,Fiction,0.00,28.00
10057,2025-03-13,2025-03-20,2025-03-18,Main Branch,Student,DVD,0.00,18.00
10058,2025-06-04,2025-06-18,2025-06-18,North Branch,Student,Fiction,0.00,20.00
10059,2025-08-18,2025-09-01,2025-09-02,South Branch,Teacher,Audiobook,0.50,20.00
10060,2025-06-28,2025-07-12,2025-07-21,South Branch,Teacher,Fiction,4.50,22.00
10061,2025-09-23,2025-09-30,2025-10-10,South Branch,Adult,DVD,5.00,20.00
10062,2025-09-23,2025-10-07,2025-10-14,Main Branch,Teacher,Reference,3.50,95.00
10063,2025-02-11,2025-02-25,2025-03-02,North Branch,Teacher,Graphic Novel,2.50,14.00
10064,2025-06-03,2025-06-17,2025-06-25,North Branch,Senior,Audiobook,4.00,18.00
10065,2025-07-27,2025-08-10,2025-08-11,North Branch,Adult,Graphic Novel,0.50,16.00
10066,2025-10-09,2025-10-23,2025-10-20,South Branch,Senior,Non-Fiction,0.00,25.00
10067,2025-11-09,2025-11-23,2025-11-26,Main Branch,Adult,Non-Fiction,1.50,25.00
10068,2025-10-30,2025-11-13,2025-11-15,Main Branch,Student,Graphic Novel,1.00,16.00
10069,2025-04-30,2025-05-14,2025-05-10,North Branch,Adult,Non-Fiction,0.00,30.00
10070,2025-07-06,2025-07-20,2025-07-29,North Branch,Adult,Fiction,4.50,15.00
10071,2025-07-05,2025-07-19,2025-07-14,South Branch,Adult,Graphic Novel,0.00,18.00
10072,2025-09-26,2025-10-10,2025-10-12,North Branch,Teacher,Graphic Novel,1.00,16.00
10073,2025-07-06,2025-07-20,2025-07-23,Main Branch,Adult,Audiobook,1.50,18.00
10074,2025-02-25,2025-03-11,2025-03-11,Main Branch,Senior,Audiobook,0.00,20.00
10075,2025-01-25,2025-02-08,2025-02-15,Main Branch,Student,Audiobook,3.50,25.00
10076,2025-08-24,2025-09-07,2025-09-07,Main Branch,Student,Graphic Novel,0.00,18.00
10077,2025-06-02,2025-06-16,2025-06-19,South Branch,Senior,Fiction,1.50,28.00
10078,2025-04-30,2025-05-14,2025-05-15,South Branch,Student,Graphic Novel,0.50,15.00
10079,2025-10-06,2025-10-13,2025-10-15,North Branch,Senior,DVD,1.00,18.00
10080,2025-02-09,2025-02-23,2025-02-24,North Branch,Student,Fiction,0.50,15.00
10081,2025-04-30,2025-05-14,2025-05-14,North Branch,Senior,Graphic Novel,0.00,15.00
10082,2025-06-01,2025-06-15,2025-06-25,North Branch,Senior,Audiobook,5.00,20.00
10083,2025-09-08,2025-09-22,2025-09-30,Main Branch,Senior,Audiobook,4.00,25.00
10084,2025-01-20,2025-01-27,2025-01-23,South Branch,Teacher,DVD,0.00,15.00
10085,2025-01-27,2025-02-10,2025-02-15,Main Branch,Teacher,Reference,2.50,95.00
10086,2025-09-23,2025-09-30,2025-10-10,South Branch,Student,DVD,5.00,18.00
10087,2025-07-07,2025-07-21,2025-07-31,South Branch,Teacher,Non-Fiction,5.00,35.00
10088,2025-03-15,2025-03-29,2025-04-05,South Branch,Adult,Fiction,3.50,28.00
10089,2025-04-30,2025-05-14,2025-05-09,North Branch,Adult,Fiction,0.00,24.00
10090,2025-04-10,2025-04-24,2025-04-19,South Branch,Teacher,Reference,0.00,150.00
10091,2025-10-09,2025-10-23,2025-10-21,Main Branch,Student,Fiction,0.00,24.00
10092,2025-11-18,2025-11-25,2025-11-26,Main Branch,Senior,DVD,0.50,20.00
10093,2025-01-13,2025-01-27,2025-01-24,Main Branch,Senior,Non-Fiction,0.00,35.00
10094,2025-07-23,2025-08-06,2025-08-14,Main Branch,Student,Reference,4.00,150.00
10095,2025-02-12,2025-02-26,2025-02-22,South Branch,Teacher,Fiction,0.00,20.00
10096,2025-11-30,2025-12-14,2025-12-13,South Branch,Adult,Non-Fiction,0.00,35.00
10097,2025-10-30,2025-11-13,2025-11-20,North Branch,Teacher,Audiobook,3.50,20.00
10098,2025-08-07,2025-08-21,2025-08-26,North Branch,Student,Non-Fiction,2.50,30.00
10099,2025-10-11,2025-10-25,2025-10-22,South Branch,Teacher,Fiction,0.00,28.00
10100,2025-08-06,2025-08-20,2025-08-23,South Branch,Senior,Reference,1.50,150.00
10101,2025-01-09,2025-01-23,2025-01-30,North Branch,Student,Reference,3.50,150.00
10102,2025-01-27,2025-02-03,2025-01-30,North Branch,Adult,DVD,0.00,20.00
10103,2025-02-19,2025-03-05,2025-03-11,South Branch,Teacher,Reference,3.00,150.00
10104,2025-02-12,2025-02-19,2025-02-27,North Branch,Teacher,DVD,4.00,18.00
10105,2025-04-15,2025-04-22,2025-05-01,North Branch,Student,DVD,4.50,18.00
10106,2025-03-12,2025-03-19,2025-03-29,Main Branch,Adult,DVD,5.00,15.00
10107,2025-06-18,2025-06-25,2025-07-04,North Branch,Adult,DVD,4.50,18.00
10108,2025-11-27,2025-12-11,2025-12-08,South Branch,Student,Fiction,0.00,15.00
10109,2025-03-21,2025-04-04,2025-04-02,South Branch,Senior,Audiobook,0.00,15.00
10110,2025-06-25,2025-07-09,2025-07-12,North Branch,Student,Reference,1.50,95.00
10111,2025-06-27,2025-07-11,2025-07-21,North Branch,Senior,Non-Fiction,5.00,45.00
10112,2025-04-25,2025-05-09,2025-05-08,Main Branch,Student,Graphic Novel,0.00,15.00
10113,2025-09-01,2025-09-15,2025-09-10,Main Branch,Teacher,Audiobook,0.00,25.00
10114,2025-10-11,2025-10-25,2025-11-04,South Branch,Adult,Non-Fiction,5.00,45.00
10115,2025-11-28,2025-12-12,2025-12-07,North Branch,Adult,Fiction,0.00,15.00
10116,2025-09-28,2025-10-05,2025-10-07,Main Branch,Senior,DVD,1.00,20.00
10117,2025-03-30,2025-04-06,2025-04-09,South Branch,Teacher,DVD,1.50,15.00
10118,2025-06-29,2025-07-13,2025-07-12,North Branch,Teacher,Reference,0.00,85.00
10119,2025-10-07,2025-10-21,2025-10-18,Main Branch,Student,Reference,0.00,95.00
10120,2025-04-09,2025-04-23,2025-04-21,Main Branch,Adult,Non-Fiction,0.00,40.00
10121,2025-10-12,2025-10-26,2025-10-31,South Branch,Teacher,Reference,2.50,150.00
10122,2025-05-06,2025-05-20,2025-05-27,North Branch,Teacher,Audiobook,3.50,15.00
10123,2025-09-07,2025-09-21,2025-10-01,South Branch,Teacher,Graphic Novel,5.00,15.00
10124,2025-09-18,2025-10-02,2025-10-01,Main Branch,Student,Graphic Novel,0.00,18.00
10125,2025-09-24,2025-10-08,2025-10-06,South Branch,Senior,Non-Fiction,0.00,40.00
10126,2025-05-26,2025-06-09,2025-06-19,North Branch,Teacher,Non-Fiction,5.00,35.00
10127,2025-10-28,2025-11-11,2025-11-14,South Branch,Senior,Audiobook,1.50,18.00
10128,2025-05-02,2025-05-09,2025-05-11,Main Branch,Senior,DVD,1.00,18.00
10129,2025-08-02,2025-08-16,2025-08-24,South Branch,Teacher,Fiction,4.00,28.00
10130,2025-09-02,2025-09-16,2025-09-14,North Branch,Senior,Audiobook,0.00,20.00
10131,2025-11-26,2025-12-03,2025-11-28,South Branch,Adult,DVD,0.00,20.00
10132,2025-10-26,2025-11-09,2025-11-16,Main Branch,Teacher,Reference,3.50,95.00
10133,2025-07-18,2025-08-01,2025-07-30,Main Branch,Teacher,Fiction,0.00,22.00
10134,2025-02-27,2025-03-13,2025-03-14,South Branch,Senior,Non-Fiction,0.50,25.00
10135,2025-05-21,2025-06-04,2025-06-09,North Branch,Adult,Fiction,2.50,20.00
10136,2025-02-15,2025-02-22,2025-03-02,South Branch,Student,DVD,4.00,20.00
10137,2025-10-18,2025-11-01,2025-10-31,Main Branch,Teacher,Reference,0.00,150.00
10138,2025-05-23,2025-06-06,2025-06-06,South Branch,Student,Reference,0.00,85.00
10139,2025-11-20,2025-12-04,2025-12-03,North Branch,Senior,Fiction,0.00,22.00
10140,2025-05-30,2025-06-13,2025-06-15,Main Branch,Senior,Non-Fiction,1.00,40.00
10141,2025-10-04,2025-10-18,2025-10-23,South Branch,Senior,Reference,2.50,85.00
10142,2025-11-21,2025-12-05,2025-12-02,South Branch,Student,Graphic Novel,0.00,15.00
10143,2025-03-18,2025-04-01,2025-03-27,Main Branch,Teacher,Fiction,0.00,22.00
10144,2025-02-21,2025-03-07,2025-03-14,North Branch,Senior,Audiobook,3.50,18.00
10145,2025-04-10,2025-04-24,2025-05-01,North Branch,Teacher,Fiction,3.50,24.00
10146,2025-04-02,2025-04-16,2025-04-22,North Branch,Teacher,Non-Fiction,3.00,45.00
10147,2025-09-13,2025-09-20,2025-09-16,South Branch,Senior,DVD,0.00,18.00
10148,2025-11-06,2025-11-20,2025-11-24,Main Branch,Senior,Audiobook,2.00,20.00
10149,2025-10-26,2025-11-09,2025-11-11,North Branch,Student,Non-Fiction,1.00,35.00
10150,2025-10-19,2025-10-26,2025-11-02,North Branch,Teacher,DVD,3.50,18.00
10151,2025-06-17,2025-07-01,2025-07-11,South Branch,Adult,Non-Fiction,5.00,35.00
10152,2025-08-13,2025-08-27,2025-08-22,South Branch,Student,Fiction,0.00,22.00
10153,2025-01-08,2025-01-22,2025-02-01,Main Branch,Student,Audiobook,5.00,15.00
10154,2025-07-06,2025-07-13,2025-07-22,Main Branch,Adult,DVD,4.50,18.00
10155,2025-01-14,2025-01-28,2025-02-01,Main Branch,Senior,Non-Fiction,2.00,25.00
10156,2025-04-06,2025-04-20,2025-04-29,South Branch,Student,Audiobook,4.50,18.00
10157,2025-10-12,2025-10-26,2025-10-21,South Branch,Teacher,Non-Fiction,0.00,45.00
10158,2025-10-19,2025-11-02,2025-11-11,North Branch,Student,Non-Fiction,4.50,45.00
10159,2025-02-26,2025-03-12,2025-03-15,South Branch,Teacher,Fiction,1.50,22.00
10160,2025-04-15,2025-04-29,2025-04-26,North Branch,Teacher,Reference,0.00,85.00
10161,2025-11-29,2025-12-13,2025-12-12,Main Branch,Adult,Non-Fiction,0.00,45.00
10162,2025-01-20,2025-02-03,2025-02-11,North Branch,Adult,Reference,4.00,85.00
10163,2025-01-08,2025-01-15,2025-01-13,Main Branch,Teacher,DVD,0.00,18.00
10164,2025-02-08,2025-02-22,2025-02-19,Main Branch,Adult,Fiction,0.00,28.00
10165,2025-06-15,2025-06-29,2025-06-24,Main Branch,Student,Graphic Novel,0.00,16.00
10166,2025-11-18,2025-12-02,2025-12-02,South Branch,Senior,Audiobook,0.00,18.00
10167,2025-01-10,2025-01-24,2025-01-20,South Branch,Student,Graphic Novel,0.00,16.00
10168,2025-08-19,2025-09-02,2025-09-09,North Branch,Student,Reference,3.50,95.00
10169,2025-06-08,2025-06-22,2025-07-01,North Branch,Teacher,Non-Fiction,4.50,45.00
10170,2025-07-30,2025-08-13,2025-08-18,North Branch,Teacher,Audiobook,2.50,20.00
10171,2025-04-19,2025-05-03,2025-05-08,North Branch,Senior,Non-Fiction,2.50,40.00
10172,2025-07-21,2025-08-04,2025-08-11,North Branch,Teacher,Non-Fiction,3.50,30.00
10173,2025-10-30,2025-11-13,2025-11-16,North Branch,Adult,Reference,1.50,150.00
10174,2025-10-24,2025-11-07,2025-11-17,North Branch,Senior,Non-Fiction,5.00,25.00
10175,2025-07-28,2025-08-11,2025-08-09,South Branch,Adult,Non-Fiction,0.00,30.00
10176,2025-04-23,2025-05-07,2025-05-15,South Branch,Adult,Fiction,4.00,28.00
10177,2025-07-01,2025-07-08,2025-07-18,North Branch,Adult,DVD,5.00,20.00
10178,2025-10-26,2025-11-09,2025-11-11,North Branch,Teacher,Fiction,1.00,15.00
10179,2025-02-25,2025-03-11,2025-03-11,Main Branch,Senior,Graphic Novel,0.00,14.00
10180,2025-09-20,2025-10-04,2025-09-29,South Branch,Teacher,Audiobook,0.00,15.00
10181,2025-11-27,2025-12-11,2025-12-19,North Branch,Teacher,Reference,4.00,95.00
10182,2025-09-08,2025-09-22,2025-09-18,Main Branch,Adult,Reference,0.00,95.00
10183,2025-01-08,2025-01-22,2025-01-19,Main Branch,Senior,Audiobook,0.00,15.00
10184,2025-04-11,2025-04-25,2025-05-03,North Branch,Senior,Non-Fiction,4.00,25.00
10185,2025-08-09,2025-08-16,2025-08-24,Main Branch,Teacher,DVD,4.00,18.00
10186,2025-01-06,2025-01-13,2025-01-19,North Branch,Student,DVD,3.00,20.00
10187,2025-04-05,2025-04-19,2025-04-28,South Branch,Adult,Audiobook,4.50,25.00
10188,2025-08-01,2025-08-15,2025-08-20,South Branch,Student,Graphic Novel,2.50,14.00
10189,2025-09-25,2025-10-09,2025-10-16,North Branch,Adult,Graphic Novel,3.50,18.00
10190,2025-08-27,2025-09-10,2025-09-05,North Branch,Adult,Non-Fiction,0.00,25.00
10191,2025-06-25,2025-07-09,2025-07-13,Main Branch,Student,Non-Fiction,2.00,40.00
10192,2025-12-01,2025-12-08,2025-12-05,Main Branch,Adult,DVD,0.00,20.00
10193,2025-09-04,2025-09-18,2025-09-22,North Branch,Student,Audiobook,2.00,15.00
10194,2025-02-07,2025-02-21,2025-02-28,North Branch,Student,Non-Fiction,3.50,45.00
10195,2025-05-29,2025-06-12,2025-06-21,Main Branch,Adult,Non-Fiction,4.50,40.00
10196,2025-06-16,2025-06-30,2025-07-01,South Branch,Teacher,Graphic Novel,0.50,15.00
10197,2025-10-12,2025-10-26,2025-10-31,Main Branch,Teacher,Reference,2.50,120.00
10198,2025-11-12,2025-11-19,2025-11-25,South Branch,Senior,DVD,3.00,18.00
10199,2025-08-23,2025-09-06,2025-09-15,South Branch,Teacher,Non-Fiction,4.50,40.00
10200,2025-01-26,2025-02-09,2025-02-14,North Branch,Adult,Audiobook,2.50,15.00
10201,2025-02-06,2025-02-20,2025-02-17,South Branch,Senior,Non-Fiction,0.00,45.00
10202,2025-01-12,2025-01-26,2025-01-24,South Branch,Student,Fiction,0.00,24.00
10203,2025-03-01,2025-03-08,2025-03-08,South Branch,Teacher,DVD,0.00,18.00
10204,2025-11-14,2025-11-28,2025-11-26,North Branch,Teacher,Fiction,0.00,22.00
10205,2025-11-26,2025-12-10,2025-12-14,Main Branch,Adult,Audiobook,2.00,18.00
10206,2025-02-27,2025-03-13,2025-03-20,South Branch,Adult,Fiction,3.50,24.00
10207,2025-08-30,2025-09-13,2025-09-12,North Branch,Senior,Audiobook,0.00,25.00
10208,2025-06-27,2025-07-11,2025-07-06,North Branch,Student,Graphic Novel,0.00,14.00
10209,2025-09-29,2025-10-13,2025-10-16,South Branch,Teacher,Audiobook,1.50,20.00
10210,2025-04-20,2025-05-04,2025-05-08,North Branch,Student,Graphic Novel,2.00,16.00
10211,2025-10-07,2025-10-21,2025-10-20,South Branch,Teacher,Audiobook,0.00,15.00
10212,2025-05-20,2025-06-03,2025-06-11,South Branch,Student,Graphic Novel,4.00,18.00
10213,2025-05-04,2025-05-18,2025-05-23,Main Branch,Senior,Audiobook,2.50,18.00
10214,2025-10-24,2025-11-07,2025-11-02,North Branch,Student,Graphic Novel,0.00,15.00
10215,2025-03-13,2025-03-20,2025-03-24,South Branch,Adult,DVD,2.00,18.00
10216,2025-01-21,2025-02-04,2025-02-14,South Branch,Adult,Graphic Novel,5.00,16.00
10217,2025-03-18,2025-04-01,2025-03-27,Main Branch,Adult,Non-Fiction,0.00,40.00
10218,2025-02-01,2025-02-15,2025-02-19,Main Branch,Teacher,Audiobook,2.00,18.00
10219,2025-08-21,2025-09-04,2025-09-14,Main Branch,Adult,Graphic Novel,5.00,16.00
10220,2025-05-23,2025-06-06,2025-06-02,Main Branch,Senior,Fiction,0.00,28.00
10221,2025-11-28,2025-12-12,2025-12-10,Main Branch,Teacher,Graphic Novel,0.00,14.00
10222,2025-10-10,2025-10-24,2025-10-29,North Branch,Student,Non-Fiction,2.50,45.00
10223,2025-02-02,2025-02-16,2025-02-11,South Branch,Adult,Non-Fiction,0.00,25.00
10224,2025-08-16,2025-08-30,2025-08-25,South Branch,Teacher,Audiobook,0.00,25.00
10225,2025-07-15,2025-07-22,2025-07-18,South Branch,Student,DVD,0.00,18.00
10226,2025-11-19,2025-12-03,2025-12-10,North Branch,Adult,Graphic Novel,3.50,14.00
10227,2025-11-21,2025-12-05,2025-12-10,North Branch,Student,Reference,2.50,95.00
10228,2025-05-26,2025-06-09,2025-06-08,North Branch,Senior,Reference,0.00,150.00
10229,2025-01-25,2025-02-08,2025-02-03,Main Branch,Student,Non-Fiction,0.00,40.00
10230,2025-04-13,2025-04-27,2025-05-02,South Branch,Student,Graphic Novel,2.50,18.00
10231,2025-03-09,2025-03-23,2025-03-20,South Branch,Senior,Audiobook,0.00,18.00
10232,2025-02-24,2025-03-10,2025-03-18,North Branch,Adult,Graphic Novel,4.00,16.00
10233,2025-07-19,2025-08-02,2025-07-30,Main Branch,Senior,Non-Fiction,0.00,45.00
10234,2025-10-06,2025-10-20,2025-10-18,Main Branch,Senior,Non-Fiction,0.00,45.00
10235,2025-01-29,2025-02-12,2025-02-15,South Branch,Senior,Graphic Novel,1.50,16.00
10236,2025-01-18,2025-02-01,2025-02-02,South Branch,Senior,Reference,0.50,85.00
10237,2025-05-07,2025-05-21,2025-05-28,Main Branch,Adult,Graphic Novel,3.50,15.00
10238,2025-09-13,2025-09-27,2025-10-01,North Branch,Adult,Fiction,2.00,24.00
10239,2025-03-22,2025-04-05,2025-04-04,Main Branch,Adult,Audiobook,0.00,15.00
10240,2025-10-05,2025-10-19,2025-10-29,South Branch,Student,Fiction,5.00,24.00
10241,2025-08-26,2025-09-02,2025-08-31,South Branch,Adult,DVD,0.00,15.00
10242,2025-05-24,2025-06-07,2025-06-16,South Branch,Senior,Reference,4.50,95.00
10243,2025-03-04,2025-03-11,2025-03-17,North Branch,Senior,DVD,3.00,15.00
10244,2025-06-19,2025-06-26,2025-07-05,Main Branch,Teacher,DVD,4.50,20.00
10245,2025-08-29,2025-09-12,2025-09-09,Main Branch,Adult,Graphic Novel,0.00,16.00
10246,2025-03-25,2025-04-08,2025-04-15,Main Branch,Teacher,Fiction,3.50,20.00
10247,2025-05-04,2025-05-11,2025-05-17,Main Branch,Senior,DVD,3.00,15.00
10248,2025-10-07,2025-10-21,2025-10-17,South Branch,Teacher,Graphic Novel,0.00,14.00
10249,2025-10-03,2025-10-10,2025-10-16,Main Branch,Student,DVD,3.00,15.00
10250,2025-04-22,2025-05-06,2025-05-03,South Branch,Student,Audiobook,0.00,18.00
10251,2025-11-02,2025-11-16,2025-11-19,South Branch,Student,Reference,1.50,150.00
10252,2025-01-28,2025-02-11,2025-02-20,North Branch,Senior,Audiobook,4.50,20.00
10253,2025-03-03,2025-03-17,2025-03-20,Main Branch,Senior,Audiobook,1.50,18.00
10254,2025-05-26,2025-06-09,2025-06-11,North Branch,Teacher,Fiction,1.00,24.00
10255,2025-09-06,2025-09-13,2025-09-09,Main Branch,Senior,DVD,0.00,15.00
10256,2025-10-22,2025-10-29,2025-11-05,South Branch,Adult,DVD,3.50,15.00
10257,2025-11-26,2025-12-10,2025-12-05,South Branch,Adult,Graphic Novel,0.00,18.00
10258,2025-11-03,2025-11-17,2025-11-17,South Branch,Senior,Graphic Novel,0.00,16.00
10259,2025-02-07,2025-02-21,2025-02-20,North Branch,Student,Fiction,0.00,28.00
10260,2025-02-13,2025-02-27,2025-03-02,North Branch,Adult,Graphic Novel,1.50,14.00
10261,2025-02-06,2025-02-20,2025-02-20,North Branch,Student,Graphic Novel,0.00,14.00
10262,2025-07-01,2025-07-15,2025-07-19,North Branch,Adult,Graphic Novel,2.00,15.00
10263,2025-05-03,2025-05-17,2025-05-27,South Branch,Adult,Audiobook,5.00,15.00
10264,2025-07-12,2025-07-26,2025-07-27,North Branch,Student,Reference,0.50,150.00
10265,2025-10-09,2025-10-23,2025-10-18,North Branch,Teacher,Audiobook,0.00,18.00
10266,2025-09-17,2025-10-01,2025-10-04,Main Branch,Student,Graphic Novel,1.50,16.00
10267,2025-02-25,2025-03-11,2025-03-18,Main Branch,Adult,Reference,3.50,95.00
10268,2025-10-28,2025-11-11,2025-11-14,North Branch,Student,Audiobook,1.50,20.00
10269,2025-04-13,2025-04-27,2025-04-25,South Branch,Senior,Graphic Novel,0.00,15.00
10270,2025-03-02,2025-03-16,2025-03-11,Main Branch,Adult,Non-Fiction,0.00,30.00
10271,2025-06-21,2025-07-05,2025-07-14,South Branch,Senior,Graphic Novel,4.50,18.00
10272,2025-07-14,2025-07-28,2025-07-23,North Branch,Student,Graphic Novel,0.00,18.00
10273,2025-11-17,2025-12-01,2025-12-09,Main Branch,Senior,Fiction,4.00,28.00
10274,2025-08-09,2025-08-23,2025-08-18,South Branch,Senior,Fiction,0.00,20.00
10275,2025-10-04,2025-10-18,2025-10-26,South Branch,Adult,Reference,4.00,85.00
10276,2025-05-22,2025-06-05,2025-06-12,South Branch,Teacher,Fiction,3.50,22.00
10277,2025-01-12,2025-01-26,2025-01-29,North Branch,Adult,Non-Fiction,1.50,30.00
10278,2025-03-12,2025-03-19,2025-03-23,South Branch,Student,DVD,2.00,15.00
10279,2025-04-29,2025-05-13,2025-05-22,North Branch,Senior,Non-Fiction,4.50,40.00
10280,2025-07-31,2025-08-14,2025-08-11,Main Branch,Teacher,Fiction,0.00,20.00
10281,2025-05-27,2025-06-10,2025-06-17,Main Branch,Teacher,Audiobook,3.50,18.00
10282,2025-03-28,2025-04-11,2025-04-20,Main Branch,Teacher,Fiction,4.50,22.00
10283,2025-10-28,2025-11-11,2025-11-16,North Branch,Student,Audiobook,2.50,20.00
10284,2025-11-17,2025-12-01,2025-12-02,Main Branch,Senior,Fiction,0.50,22.00
10285,2025-09-21,2025-10-05,2025-10-05,North Branch,Senior,Graphic Novel,0.00,16.00
10286,2025-07-18,2025-08-01,2025-08-11,North Branch,Senior,Fiction,5.00,15.00
10287,2025-07-28,2025-08-04,2025-08-02,North Branch,Senior,DVD,0.00,18.00
10288,2025-10-09,2025-10-23,2025-10-24,North Branch,Senior,Graphic Novel,0.50,16.00
10289,2025-02-10,2025-02-24,2025-03-05,South Branch,Teacher,Graphic Novel,4.50,16.00
10290,2025-10-19,2025-11-02,2025-11-10,North Branch,Adult,Reference,4.00,120.00
10291,2025-05-24,2025-06-07,2025-06-14,Main Branch,Teacher,Reference,3.50,85.00
10292,2025-02-27,2025-03-13,2025-03-22,South Branch,Student,Audiobook,4.50,18.00
10293,2025-04-27,2025-05-11,2025-05-09,Main Branch,Teacher,Non-Fiction,0.00,35.00
10294,2025-02-16,2025-03-02,2025-02-26,South Branch,Teacher,Reference,0.00,85.00
10295,2025-06-10,2025-06-24,2025-07-04,North Branch,Teacher,Non-Fiction,5.00,30.00
10296,2025-07-07,2025-07-21,2025-07-24,Main Branch,Student,Reference,1.50,85.00
10297,2025-10-16,2025-10-30,2025-10-31,South Branch,Student,Non-Fiction,0.50,40.00
10298,2025-04-25,2025-05-02,2025-05-08,North Branch,Senior,DVD,3.00,15.00
10299,2025-01-13,2025-01-27,2025-01-30,South Branch,Senior,Reference,1.50,120.00
10300,2025-04-03,2025-04-17,2025-04-13,Main Branch,Senior,Graphic Novel,0.00,15.00
10301,2025-05-18,2025-06-01,2025-05-28,South Branch,Adult,Fiction,0.00,22.00
10302,2025-08-01,2025-08-15,2025-08-21,Main Branch,Adult,Audiobook,3.00,15.00
10303,2025-04-04,2025-04-18,2025-04-17,Main Branch,Student,Non-Fiction,0.00,40.00
10304,2025-03-01,2025-03-15,2025-03-16,North Branch,Teacher,Audiobook,0.50,18.00
10305,2025-06-29,2025-07-06,2025-07-01,Main Branch,Senior,DVD,0.00,20.00
10306,2025-06-20,2025-07-04,2025-07-05,North Branch,Senior,Reference,0.50,120.00
10307,2025-07-29,2025-08-12,2025-08-19,Main Branch,Adult,Non-Fiction,3.50,30.00
10308,2025-07-18,2025-08-01,2025-08-06,Main Branch,Teacher,Non-Fiction,2.50,30.00
10309,2025-08-12,2025-08-19,2025-08-16,Main Branch,Adult,DVD,0.00,20.00
10310,2025-02-13,2025-02-27,2025-03-08,North Branch,Adult,Reference,4.50,120.00
10311,2025-04-13,2025-04-27,2025-04-29,North Branch,Adult,Reference,1.00,85.00
10312,2025-09-30,2025-10-14,2025-10-12,North Branch,Senior,Audiobook,0.00,15.00
10313,2025-01-06,2025-01-20,2025-01-23,South Branch,Adult,Non-Fiction,1.50,35.00
10314,2025-10-19,2025-11-02,2025-11-08,Main Branch,Adult,Fiction,3.00,20.00
10315,2025-02-15,2025-03-01,2025-03-05,Main Branch,Teacher,Non-Fiction,2.00,45.00
10316,2025-06-28,2025-07-12,2025-07-11,North Branch,Teacher,Graphic Novel,0.00,14.00
10317,2025-04-29,2025-05-13,2025-05-23,North Branch,Adult,Non-Fiction,5.00,45.00
10318,2025-11-01,2025-11-15,2025-11-20,North Branch,Adult,Non-Fiction,2.50,45.00
10319,2025-07-15,2025-07-29,2025-07-25,South Branch,Adult,Audiobook,0.00,15.00
10320,2025-06-15,2025-06-29,2025-06-29,Main Branch,Senior,Fiction,0.00,22.00
10321,2025-11-19,2025-11-26,2025-11-27,South Branch,Adult,DVD,0.50,18.00
10322,2025-11-28,2025-12-12,2025-12-07,North Branch,Adult,Graphic Novel,0.00,15.00
10323,2025-04-23,2025-05-07,2025-05-11,South Branch,Teacher,Graphic Novel,2.00,14.00
10324,2025-11-23,2025-12-07,2025-12-09,South Branch,Senior,Audiobook,1.00,25.00
10325,2025-06-03,2025-06-17,2025-06-25,Main Branch,Teacher,Graphic Novel,4.00,14.00
10326,2025-10-19,2025-11-02,2025-11-11,North Branch,Teacher,Non-Fiction,4.50,25.00
10327,2025-09-11,2025-09-25,2025-09-30,Main Branch,Student,Non-Fiction,2.50,45.00
10328,2025-05-26,2025-06-09,2025-06-18,South Branch,Senior,Audiobook,4.50,15.00
10329,2025-08-31,2025-09-14,2025-09-13,North Branch,Student,Fiction,0.00,22.00
10330,2025-02-21,2025-03-07,2025-03-08,South Branch,Student,Graphic Novel,0.50,16.00
10331,2025-11-13,2025-11-27,2025-11-29,Main Branch,Teacher,Fiction,1.00,15.00
10332,2025-06-26,2025-07-10,2025-07-07,Main Branch,Senior,Fiction,0.00,22.00
10333,2025-10-25,2025-11-08,2025-11-13,Main Branch,Senior,Fiction,2.50,24.00
10334,2025-09-22,2025-10-06,2025-10-15,North Branch,Adult,Audiobook,4.50,18.00
10335,2025-06-11,2025-06-25,2025-06-30,Main Branch,Student,Non-Fiction,2.50,35.00
10336,2025-03-20,2025-04-03,2025-04-07,North Branch,Teacher,Graphic Novel,2.00,18.00
10337,2025-10-03,2025-10-10,2025-10-10,Main Branch,Adult,DVD,0.00,15.00
10338,2025-05-12,2025-05-19,2025-05-25,North Branch,Adult,DVD,3.00,18.00
10339,2025-01-13,2025-01-27,2025-02-05,Main Branch,Senior,Reference,4.50,120.00
10340,2025-10-09,2025-10-23,2025-10-22,Main Branch,Student,Audiobook,0.00,18.00
10341,2025-08-26,2025-09-09,2025-09-13,South Branch,Senior,Graphic Novel,2.00,14.00
10342,2025-05-19,2025-06-02,2025-06-05,South Branch,Teacher,Reference,1.50,85.00
10343,2025-05-07,2025-05-21,2025-05-17,North Branch,Adult,Graphic Novel,0.00,14.00
10344,2025-02-25,2025-03-11,2025-03-21,North Branch,Adult,Graphic Novel,5.00,18.00
10345,2025-05-04,2025-05-18,2025-05-23,Main Branch,Senior,Audiobook,2.50,15.00
10346,2025-07-17,2025-07-31,2025-08-04,South Branch,Adult,Audiobook,2.00,20.00
10347,2025-10-22,2025-11-05,2025-11-01,South Branch,Adult,Fiction,0.00,15.00
10348,2025-10-28,2025-11-11,2025-11-12,North Branch,Teacher,Graphic Novel,0.50,18.00
10349,2025-02-22,2025-03-08,2025-03-06,North Branch,Student,Non-Fiction,0.00,35.00
10350,2025-06-14,2025-06-28,2025-06-27,Main Branch,Student,Fiction,0.00,20.00
10351,2025-03-05,2025-03-19,2025-03-27,North Branch,Adult,Non-Fiction,4.00,30.00
10352,2025-09-09,2025-09-23,2025-09-20,North Branch,Adult,Graphic Novel,0.00,18.00
10353,2025-07-01,2025-07-15,2025-07-19,Main Branch,Student,Fiction,2.00,28.00
10354,2025-11-28,2025-12-12,2025-12-08,North Branch,Senior,Reference,0.00,120.00
10355,2025-05-14,2025-05-28,2025-05-29,Main Branch,Teacher,Non-Fiction,0.50,35.00
10356,2025-09-11,2025-09-25,2025-09-20,North Branch,Senior,Audiobook,0.00,25.00
10357,2025-06-11,2025-06-18,2025-06-23,North Branch,Teacher,DVD,2.50,15.00
10358,2025-06-12,2025-06-26,2025-06-25,North Branch,Senior,Audiobook,0.00,25.00
10359,2025-06-06,2025-06-20,2025-06-22,North Branch,Teacher,Graphic Novel,1.00,14.00
10360,2025-05-01,2025-05-15,2025-05-23,South Branch,Student,Fiction,4.00,24.00
10361,2025-12-01,2025-12-15,2025-12-11,Main Branch,Student,Non-Fiction,0.00,40.00
10362,2025-06-14,2025-06-28,2025-06-30,North Branch,Teacher,Reference,1.00,150.00
10363,2025-05-23,2025-05-30,2025-06-04,South Branch,Adult,DVD,2.50,15.00
10364,2025-05-13,2025-05-27,2025-05-25,South Branch,Teacher,Audiobook,0.00,15.00
10365,2025-05-19,2025-06-02,2025-05-28,North Branch,Teacher,Non-Fiction,0.00,45.00
10366,2025-08-01,2025-08-15,2025-08-24,South Branch,Teacher,Audiobook,4.50,18.00
10367,2025-01-21,2025-01-28,2025-02-07,Main Branch,Teacher,DVD,5.00,20.00
10368,2025-06-01,2025-06-15,2025-06-12,South Branch,Teacher,Audiobook,0.00,20.00
10369,2025-01-13,2025-01-20,2025-01-15,North Branch,Senior,DVD,0.00,20.00
10370,2025-03-23,2025-04-06,2025-04-09,North Branch,Student,Fiction,1.50,15.00
10371,2025-09-18,2025-10-02,2025-10-01,North Branch,Teacher,Reference,0.00,120.00
10372,2025-09-28,2025-10-12,2025-10-08,Main Branch,Senior,Non-Fiction,0.00,45.00
10373,2025-11-14,2025-11-28,2025-11-28,North Branch,Senior,Non-Fiction,0.00,35.00
10374,2025-10-30,2025-11-13,2025-11-23,Main Branch,Senior,Graphic Novel,5.00,16.00
10375,2025-03-23,2025-04-06,2025-04-15,Main Branch,Adult,Reference,4.50,150.00
10376,2025-11-10,2025-11-24,2025-11-29,South Branch,Teacher,Reference,2.50,150.00
10377,2025-11-30,2025-12-14,2025-12-22,Main Branch,Senior,Audiobook,4.00,25.00
10378,2025-06-09,2025-06-23,2025-06-24,North Branch,Senior,Audiobook,0.50,20.00
10379,2025-05-24,2025-06-07,2025-06-10,Main Branch,Student,Reference,1.50,120.00
10380,2025-06-12,2025-06-26,2025-06-30,South Branch,Teacher,Reference,2.00,95.00
10381,2025-02-28,2025-03-14,2025-03-16,North Branch,Teacher,Graphic Novel,1.00,14.00
10382,2025-06-11,2025-06-25,2025-06-24,South Branch,Senior,Non-Fiction,0.00,25.00
10383,2025-02-11,2025-02-25,2025-02-27,South Branch,Adult,Reference,1.00,150.00
10384,2025-05-28,2025-06-11,2025-06-13,South Branch,Adult,Non-Fiction,1.00,40.00
10385,2025-11-04,2025-11-18,2025-11-13,North Branch,Teacher,Fiction,0.00,24.00
10386,2025-06-30,2025-07-07,2025-07-15,Main Branch,Senior,DVD,4.00,20.00
10387,2025-01-23,2025-02-06,2025-02-06,North Branch,Senior,Fiction,0.00,20.00
10388,2025-05-06,2025-05-13,2025-05-10,South Branch,Teacher,DVD,0.00,20.00
10389,2025-08-21,2025-09-04,2025-09-04,South Branch,Senior,Non-Fiction,0.00,25.00
10390,2025-02-14,2025-02-28,2025-03-02,North Branch,Student,Reference,1.00,150.00
10391,2025-07-27,2025-08-10,2025-08-17,South Branch,Teacher,Fiction,3.50,15.00
10392,2025-11-19,2025-12-03,2025-12-05,South Branch,Adult,Fiction,1.00,22.00
10393,2025-11-12,2025-11-26,2025-12-06,South Branch,Adult,Fiction,5.00,22.00
10394,2025-05-17,2025-05-31,2025-06-10,Main Branch,Senior,Fiction,5.00,22.00
10395,2025-10-03,2025-10-17,2025-10-19,North Branch,Teacher,Graphic Novel,1.00,16.00
10396,2025-06-28,2025-07-12,2025-07-17,South Branch,Teacher,Graphic Novel,2.50,16.00
10397,2025-03-01,2025-03-08,2025-03-11,North Branch,Adult,DVD,1.50,15.00
10398,2025-03-09,2025-03-23,2025-03-31,South Branch,Student,Non-Fiction,4.00,45.00
10399,2025-02-03,2025-02-17,2025-02-20,North Branch,Student,Fiction,1.50,15.00
10400,2025-02-20,2025-03-06,2025-03-04,Main Branch,Senior,Reference,0.00,150.00
10401,2025-04-18,2025-05-02,2025-04-28,North Branch,Adult,Fiction,0.00,24.00
10402,2025-11-29,2025-12-13,2025-12-20,South Branch,Senior,Reference,3.50,150.00
10403,2025-05-14,2025-05-28,2025-06-05,South Branch,Teacher,Fiction,4.00,24.00
10404,2025-01-26,2025-02-09,2025-02-14,North Branch,Teacher,Non-Fiction,2.50,35.00
10405,2025-11-29,2025-12-13,2025-12-18,Main Branch,Student,Fiction,2.50,22.00
10406,2025-04-04,2025-04-18,2025-04-20,Main Branch,Teacher,Audiobook,1.00,25.00
10407,2025-02-28,2025-03-14,2025-03-22,North Branch,Teacher,Audiobook,4.00,25.00
10408,2025-03-02,2025-03-16,2025-03-15,North Branch,Teacher,Graphic Novel,0.00,16.00
10409,2025-08-05,2025-08-19,2025-08-15,North Branch,Teacher,Audiobook,0.00,18.00
10410,2025-09-05,2025-09-19,2025-09-17,Main Branch,Student,Reference,0.00,85.00
10411,2025-06-13,2025-06-27,2025-06-29,North Branch,Adult,Graphic Novel,1.00,18.00
10412,2025-01-17,2025-01-31,2025-02-05,South Branch,Adult,Graphic Novel,2.50,14.00
10413,2025-09-16,2025-09-23,2025-09-22,Main Branch,Senior,DVD,0.00,15.00
10414,2025-08-17,2025-08-31,2025-08-28,Main Branch,Student,Fiction,0.00,28.00
10415,2025-08-05,2025-08-19,2025-08-26,Main Branch,Teacher,Graphic Novel,3.50,16.00
10416,2025-06-10,2025-06-24,2025-06-29,South Branch,Student,Graphic Novel,2.50,15.00
10417,2025-07-25,2025-08-08,2025-08-16,North Branch,Adult,Audiobook,4.00,20.00
10418,2025-01-30,2025-02-13,2025-02-17,North Branch,Teacher,Audiobook,2.00,15.00
10419,2025-09-22,2025-10-06,2025-10-06,Main Branch,Adult,Reference,0.00,85.00
10420,2025-08-11,2025-08-25,2025-08-20,Main Branch,Adult,Graphic Novel,0.00,14.00
10421,2025-08-11,2025-08-25,2025-08-24,North Branch,Student,Fiction,0.00,22.00
10422,2025-08-14,2025-08-28,2025-08-30,North Branch,Senior,Graphic Novel,1.00,14.00
10423,2025-09-18,2025-10-02,2025-09-27,South Branch,Teacher,Fiction,0.00,24.00
10424,2025-01-19,2025-01-26,2025-01-29,South Branch,Student,DVD,1.50,15.00
10425,2025-03-18,2025-04-01,2025-04-02,Main Branch,Teacher,Fiction,0.50,24.00
10426,2025-03-06,2025-03-20,2025-03-23,South Branch,Adult,Graphic Novel,1.50,18.00
10427,2025-02-16,2025-03-02,2025-02-25,North Branch,Adult,Reference,0.00,150.00
10428,2025-09-18,2025-10-02,2025-10-10,South Branch,Adult,Audiobook,4.00,25.00
10429,2025-01-16,2025-01-30,2025-02-04,South Branch,Adult,Reference,2.50,120.00
10430,2025-04-14,2025-04-28,2025-05-02,North Branch,Adult,Audiobook,2.00,20.00
10431,2025-01-20,2025-02-03,2025-02-03,South Branch,Adult,Reference,0.00,95.00
10432,2025-05-08,2025-05-22,2025-05-30,Main Branch,Student,Graphic Novel,4.00,18.00
10433,2025-08-30,2025-09-13,2025-09-09,South Branch,Adult,Graphic Novel,0.00,16.00
10434,2025-02-22,2025-03-08,2025-03-07,North Branch,Teacher,Reference,0.00,150.00
10435,2025-10-28,2025-11-11,2025-11-18,South Branch,Teacher,Audiobook,3.50,18.00
10436,2025-08-17,2025-08-31,2025-09-03,South Branch,Adult,Audiobook,1.50,15.00
10437,2025-11-01,2025-11-15,2025-11-19,North Branch,Adult,Audiobook,2.00,18.00
10438,2025-06-03,2025-06-17,2025-06-25,Main Branch,Student,Audiobook,4.00,20.00
10439,2025-03-23,2025-03-30,2025-03-30,North Branch,Adult,DVD,0.00,18.00
10440,2025-05-29,2025-06-12,2025-06-22,South Branch,Senior,Audiobook,5.00,18.00
10441,2025-08-16,2025-08-30,2025-08-28,North Branch,Senior,Audiobook,0.00,20.00
10442,2025-02-19,2025-03-05,2025-03-05,North Branch,Adult,Non-Fiction,0.00,45.00
10443,2025-01-18,2025-01-25,2025-01-20,Main Branch,Senior,DVD,0.00,18.00
10444,2025-06-27,2025-07-04,2025-07-02,North Branch,Student,DVD,0.00,15.00
10445,2025-06-15,2025-06-29,2025-07-08,North Branch,Adult,Graphic Novel,4.50,15.00
10446,2025-04-28,2025-05-12,2025-05-07,North Branch,Senior,Fiction,0.00,22.00
10447,2025-10-02,2025-10-16,2025-10-18,North Branch,Senior,Reference,1.00,150.00
10448,2025-04-01,2025-04-15,2025-04-13,Main Branch,Adult,Audiobook,0.00,18.00
10449,2025-02-25,2025-03-11,2025-03-15,Main Branch,Teacher,Reference,2.00,85.00
10450,2025-02-02,2025-02-16,2025-02-26,South Branch,Teacher,Non-Fiction,5.00,45.00
10451,2025-06-23,2025-07-07,2025-07-06,Main Branch,Teacher,Reference,0.00,150.00
10452,2025-04-09,2025-04-23,2025-04-28,North Branch,Student,Reference,2.50,85.00
10453,2025-06-15,2025-06-22,2025-07-01,Main Branch,Senior,DVD,4.50,15.00
10454,2025-09-02,2025-09-16,2025-09-12,North Branch,Teacher,Graphic Novel,0.00,16.00
10455,2025-10-21,2025-11-04,2025-11-09,North Branch,Senior,Audiobook,2.50,25.00
10456,2025-07-13,2025-07-27,2025-07-27,North Branch,Student,Graphic Novel,0.00,18.00
10457,2025-02-07,2025-02-21,2025-02-27,North Branch,Senior,Graphic Novel,3.00,16.00
10458,2025-05-21,2025-06-04,2025-06-05,North Branch,Teacher,Non-Fiction,0.50,35.00
10459,2025-09-14,2025-09-28,2025-10-08,North Branch,Senior,Non-Fiction,5.00,35.00
10460,2025-11-24,2025-12-08,2025-12-18,South Branch,Teacher,Graphic Novel,5.00,15.00
10461,2025-08-20,2025-08-27,2025-09-01,North Branch,Student,DVD,2.50,15.00
10462,2025-07-17,2025-07-31,2025-07-28,North Branch,Teacher,Reference,0.00,120.00
10463,2025-08-30,2025-09-13,2025-09-22,Main Branch,Student,Non-Fiction,4.50,45.00
10464,2025-04-03,2025-04-17,2025-04-13,South Branch,Student,Fiction,0.00,28.00
10465,2025-07-07,2025-07-21,2025-07-21,North Branch,Teacher,Non-Fiction,0.00,30.00
10466,2025-05-13,2025-05-27,2025-05-26,North Branch,Student,Audiobook,0.00,18.00
10467,2025-08-04,2025-08-18,2025-08-19,North Branch,Senior,Non-Fiction,0.50,40.00
10468,2025-11-20,2025-12-04,2025-12-10,South Branch,Student,Reference,3.00,120.00
10469,2025-10-01,2025-10-15,2025-10-21,Main Branch,Adult,Non-Fiction,3.00,25.00
10470,2025-07-13,2025-07-27,2025-08-01,North Branch,Teacher,Graphic Novel,2.50,16.00
10471,2025-10-19,2025-11-02,2025-11-07,Main Branch,Teacher,Non-Fiction,2.50,40.00
10472,2025-09-01,2025-09-15,2025-09-21,South Branch,Adult,Non-Fiction,3.00,40.00
10473,2025-11-19,2025-12-03,2025-12-05,South Branch,Senior,Reference,1.00,120.00
10474,2025-10-03,2025-10-17,2025-10-24,North Branch,Adult,Audiobook,3.50,20.00
10475,2025-01-12,2025-01-26,2025-01-26,South Branch,Adult,Graphic Novel,0.00,16.00
10476,2025-03-08,2025-03-15,2025-03-23,South Branch,Teacher,DVD,4.00,18.00
10477,2025-01-15,2025-01-29,2025-01-29,South Branch,Teacher,Audiobook,0.00,25.00
10478,2025-01-11,2025-01-25,2025-01-20,Main Branch,Teacher,Graphic Novel,0.00,16.00
10479,2025-05-30,2025-06-13,2025-06-10,South Branch,Adult,Non-Fiction,0.00,45.00
10480,2025-09-13,2025-09-20,2025-09-30,Main Branch,Student,DVD,5.00,20.00
10481,2025-11-24,2025-12-08,2025-12-12,South Branch,Senior,Graphic Novel,2.00,18.00
10482,2025-03-21,2025-03-28,2025-03-23,North Branch,Student,DVD,0.00,18.00
10483,2025-03-19,2025-04-02,2025-04-11,South Branch,Adult,Reference,4.50,150.00
10484,2025-01-18,2025-01-25,2025-01-22,North Branch,Teacher,DVD,0.00,18.00
10485,2025-09-06,2025-09-20,2025-09-23,North Branch,Teacher,Graphic Novel,1.50,15.00
10486,2025-03-10,2025-03-24,2025-03-28,North Branch,Adult,Fiction,2.00,20.00
10487,2025-03-26,2025-04-09,2025-04-19,Main Branch,Adult,Reference,5.00,85.00
10488,2025-04-27,2025-05-11,2025-05-14,North Branch,Senior,Fiction,1.50,28.00
10489,2025-08-22,2025-09-05,2025-09-01,South Branch,Teacher,Reference,0.00,150.00
10490,2025-10-21,2025-11-04,2025-11-08,South Branch,Adult,Reference,2.00,150.00
10491,2025-04-20,2025-05-04,2025-04-30,North Branch,Senior,Fiction,0.00,28.00
10492,2025-07-01,2025-07-15,2025-07-25,Main Branch,Student,Audiobook,5.00,25.00
10493,2025-03-19,2025-04-02,2025-04-10,North Branch,Senior,Reference,4.00,120.00
10494,2025-07-15,2025-07-29,2025-07-31,North Branch,Adult,Non-Fiction,1.00,25.00
10495,2025-03-25,2025-04-01,2025-03-30,South Branch,Student,DVD,0.00,15.00
10496,2025-01-23,2025-01-30,2025-02-08,Main Branch,Teacher,DVD,4.50,15.00
10497,2025-10-12,2025-10-26,2025-10-28,South Branch,Student,Non-Fiction,1.00,35.00
10498,2025-10-07,2025-10-21,2025-10-23,Main Branch,Adult,Reference,1.00,95.00
10499,2025-01-27,2025-02-10,2025-02-16,South Branch,Student,Audiobook,3.00,18.00
10500,2025-05-05,2025-05-19,2025-05-16,Main Branch,Student,Non-Fiction,0.00,30.00
10501,2025-03-21,2025-04-04,2025-04-13,North Branch,Adult,Graphic Novel,4.50,14.00
10502,2025-07-10,2025-07-24,2025-07-21,South Branch,Student,Graphic Novel,0.00,18.00
10503,2025-04-25,2025-05-09,2025-05-04,Main Branch,Adult,Audiobook,0.00,20.00
10504,2025-07-22,2025-08-05,2025-08-08,South Branch,Senior,Non-Fiction,1.50,35.00
10505,2025-05-30,2025-06-06,2025-06-01,North Branch,Student,DVD,0.00,20.00
10506,2025-07-20,2025-08-03,2025-08-04,North Branch,Adult,Graphic Novel,0.50,16.00
10507,2025-07-14,2025-07-28,2025-07-28,South Branch,Student,Non-Fiction,0.00,35.00
10508,2025-10-16,2025-10-30,2025-11-01,North Branch,Teacher,Non-Fiction,1.00,40.00
10509,2025-01-31,2025-02-14,2025-02-23,North Branch,Student,Reference,4.50,120.00
10510,2025-05-22,2025-06-05,2025-06-15,Main Branch,Senior,Non-Fiction,5.00,45.00
10511,2025-07-01,2025-07-15,2025-07-21,North Branch,Senior,Graphic Novel,3.00,14.00
10512,2025-02-27,2025-03-06,2025-03-10,South Branch,Senior,DVD,2.00,18.00
10513,2025-10-12,2025-10-19,2025-10-19,North Branch,Senior,DVD,0.00,15.00
10514,2025-03-17,2025-03-31,2025-03-27,North Branch,Teacher,Graphic Novel,0.00,15.00
10515,2025-01-01,2025-01-08,2025-01-05,North Branch,Adult,DVD,0.00,20.00
10516,2025-04-06,2025-04-20,2025-04-22,Main Branch,Senior,Reference,1.00,85.00
10517,2025-07-06,2025-07-20,2025-07-30,Main Branch,Student,Graphic Novel,5.00,14.00
10518,2025-11-16,2025-11-30,2025-11-28,Main Branch,Adult,Reference,0.00,150.00
10519,2025-04-10,2025-04-24,2025-04-26,Main Branch,Senior,Audiobook,1.00,15.00
10520,2025-01-11,2025-01-18,2025-01-28,Main Branch,Teacher,DVD,5.00,18.00
10521,2025-06-01,2025-06-15,2025-06-18,North Branch,Student,Audiobook,1.50,25.00
10522,2025-10-19,2025-11-02,2025-11-04,South Branch,Adult,Graphic Novel,1.00,15.00
10523,2025-11-23,2025-12-07,2025-12-06,North Branch,Adult,Audiobook,0.00,15.00
10524,2025-10-29,2025-11-12,2025-11-13,Main Branch,Senior,Non-Fiction,0.50,40.00
10525,2025-02-17,2025-03-03,2025-03-13,North Branch,Adult,Non-Fiction,5.00,30.00
10526,2025-05-19,2025-05-26,2025-05-23,North Branch,Student,DVD,0.00,20.00
10527,2025-03-31,2025-04-07,2025-04-11,North Branch,Teacher,DVD,2.00,20.00
10528,2025-07-19,2025-08-02,2025-08-10,Main Branch,Teacher,Audiobook,4.00,18.00
10529,2025-08-03,2025-08-17,2025-08-16,North Branch,Teacher,Graphic Novel,0.00,14.00
10530,2025-09-12,2025-09-26,2025-09-25,North Branch,Senior,Reference,0.00,150.00
10531,2025-07-17,2025-07-31,2025-07-27,North Branch,Senior,Fiction,0.00,15.00
10532,2025-03-04,2025-03-18,2025-03-14,North Branch,Senior,Audiobook,0.00,15.00
10533,2025-03-12,2025-03-26,2025-03-30,Main Branch,Student,Fiction,2.00,24.00
10534,2025-08-12,2025-08-26,2025-09-04,Main Branch,Teacher,Graphic Novel,4.50,16.00
10535,2025-09-04,2025-09-18,2025-09-16,North Branch,Adult,Non-Fiction,0.00,30.00
10536,2025-08-15,2025-08-29,2025-09-01,Main Branch,Adult,Non-Fiction,1.50,45.00
10537,2025-06-08,2025-06-22,2025-07-02,Main Branch,Student,Audiobook,5.00,18.00
10538,2025-03-01,2025-03-15,2025-03-24,North Branch,Senior,Graphic Novel,4.50,16.00
10539,2025-06-04,2025-06-11,2025-06-10,Main Branch,Senior,DVD,0.00,20.00
10540,2025-03-08,2025-03-15,2025-03-10,North Branch,Teacher,DVD,0.00,15.00
10541,2025-03-20,2025-03-27,2025-03-27,South Branch,Teacher,DVD,0.00,18.00
10542,2025-04-17,2025-05-01,2025-05-11,North Branch,Adult,Non-Fiction,5.00,25.00
10543,2025-02-20,2025-03-06,2025-03-03,North Branch,Teacher,Graphic Novel,0.00,14.00
10544,2025-04-23,2025-05-07,2025-05-07,Main Branch,Adult,Audiobook,0.00,15.00
10545,2025-08-02,2025-08-16,2025-08-26,South Branch,Student,Non-Fiction,5.00,45.00
10546,2025-07-17,2025-07-31,2025-07-30,Main Branch,Student,Audiobook,0.00,20.00
10547,2025-03-14,2025-03-28,2025-04-06,South Branch,Adult,Fiction,4.50,24.00
10548,2025-03-05,2025-03-19,2025-03-16,North Branch,Senior,Audiobook,0.00,25.00
10549,2025-03-11,2025-03-25,2025-03-30,Main Branch,Senior,Fiction,2.50,15.00
10550,2025-05-05,2025-05-19,2025-05-20,North Branch,Senior,Graphic Novel,0.50,14.00
10551,2025-04-02,2025-04-16,2025-04-26,Main Branch,Student,Audiobook,5.00,18.00
10552,2025-05-26,2025-06-09,2025-06-18,South Branch,Adult,Non-Fiction,4.50,35.00
10553,2025-10-25,2025-11-08,2025-11-15,South Branch,Adult,Audiobook,3.50,25.00
10554,2025-09-18,2025-10-02,2025-10-08,Main Branch,Senior,Non-Fiction,3.00,35.00
10555,2025-08-10,2025-08-24,2025-09-01,North Branch,Adult,Audiobook,4.00,15.00
10556,2025-08-18,2025-09-01,2025-08-27,South Branch,Senior,Graphic Novel,0.00,16.00
10557,2025-06-19,2025-07-03,2025-07-01,South Branch,Senior,Fiction,0.00,20.00
10558,2025-06-14,2025-06-28,2025-07-08,North Branch,Teacher,Fiction,5.00,28.00
10559,2025-03-23,2025-04-06,2025-04-03,South Branch,Adult,Reference,0.00,85.00
10560,2025-01-24,2025-02-07,2025-02-08,South Branch,Adult,Non-Fiction,0.50,45.00
10561,2025-02-09,2025-02-23,2025-02-26,Main Branch,Senior,Audiobook,1.50,15.00
10562,2025-10-17,2025-10-31,2025-11-01,North Branch,Teacher,Reference,0.50,120.00
10563,2025-02-07,2025-02-21,2025-02-22,North Branch,Senior,Fiction,0.50,24.00
10564,2025-07-22,2025-08-05,2025-08-11,Main Branch,Student,Audiobook,3.00,15.00
10565,2025-07-24,2025-08-07,2025-08-02,North Branch,Teacher,Fiction,0.00,22.00
10566,2025-01-30,2025-02-06,2025-02-09,Main Branch,Senior,DVD,1.50,15.00
10567,2025-08-28,2025-09-11,2025-09-20,North Branch,Student,Graphic Novel,4.50,14.00
10568,2025-07-02,2025-07-16,2025-07-19,North Branch,Student,Graphic Novel,1.50,15.00
10569,2025-05-07,2025-05-21,2025-05-17,Main Branch,Student,Reference,0.00,85.00
10570,2025-02-04,2025-02-18,2025-02-20,South Branch,Teacher,Fiction,1.00,20.00
10571,2025-09-02,2025-09-16,2025-09-19,North Branch,Adult,Non-Fiction,1.50,40.00
10572,2025-01-11,2025-01-25,2025-01-26,North Branch,Teacher,Reference,0.50,150.00
10573,2025-07-08,2025-07-22,2025-07-26,North Branch,Adult,Graphic Novel,2.00,16.00
10574,2025-09-02,2025-09-16,2025-09-11,Main Branch,Adult,Graphic Novel,0.00,15.00
10575,2025-05-27,2025-06-10,2025-06-08,South Branch,Adult,Fiction,0.00,15.00
10576,2025-10-10,2025-10-24,2025-10-31,Main Branch,Teacher,Non-Fiction,3.50,40.00
10577,2025-06-27,2025-07-11,2025-07-21,North Branch,Teacher,Reference,5.00,95.00
10578,2025-03-22,2025-04-05,2025-04-07,Main Branch,Adult,Fiction,1.00,28.00
10579,2025-10-14,2025-10-28,2025-10-23,Main Branch,Adult,Reference,0.00,85.00
10580,2025-05-27,2025-06-10,2025-06-10,South Branch,Adult,Fiction,0.00,28.00
10581,2025-10-02,2025-10-16,2025-10-13,South Branch,Student,Graphic Novel,0.00,14.00
10582,2025-02-06,2025-02-20,2025-02-28,Main Branch,Teacher,Fiction,4.00,22.00
10583,2025-01-04,2025-01-11,2025-01-06,North Branch,Senior,DVD,0.00,15.00
10584,2025-04-05,2025-04-19,2025-04-17,North Branch,Senior,Reference,0.00,95.00
10585,2025-06-10,2025-06-17,2025-06-27,Main Branch,Teacher,DVD,5.00,18.00
10586,2025-05-21,2025-06-04,2025-06-10,North Branch,Senior,Graphic Novel,3.00,14.00
10587,2025-02-06,2025-02-20,2025-02-20,Main Branch,Student,Reference,0.00,120.00
10588,2025-02-20,2025-03-06,2025-03-16,North Branch,Student,Audiobook,5.00,18.00
10589,2025-01-30,2025-02-13,2025-02-22,South Branch,Senior,Audiobook,4.50,15.00
10590,2025-05-01,2025-05-15,2025-05-12,North Branch,Student,Audiobook,0.00,18.00
10591,2025-06-09,2025-06-16,2025-06-26,North Branch,Adult,DVD,5.00,20.00
10592,2025-10-21,2025-10-28,2025-11-02,South Branch,Student,DVD,2.50,15.00
10593,2025-08-17,2025-08-31,2025-09-03,North Branch,Senior,Graphic Novel,1.50,16.00
10594,2025-08-24,2025-09-07,2025-09-12,Main Branch,Student,Reference,2.50,85.00
10595,2025-11-07,2025-11-21,2025-11-26,Main Branch,Student,Non-Fiction,2.50,35.00
10596,2025-04-07,2025-04-21,2025-04-26,South Branch,Student,Non-Fiction,2.50,40.00
10597,2025-01-08,2025-01-22,2025-02-01,North Branch,Student,Audiobook,5.00,20.00
10598,2025-05-25,2025-06-08,2025-06-15,South Branch,Student,Graphic Novel,3.50,18.00
10599,2025-01-30,2025-02-13,2025-02-12,South Branch,Adult,Reference,0.00,120.00
10600,2025-08-19,2025-09-02,2025-08-29,Main Branch,Adult,Graphic Novel,0.00,18.00
10601,2025-01-17,2025-01-31,2025-02-09,North Branch,Senior,Non-Fiction,4.50,35.00
10602,2025-11-11,2025-11-25,2025-11-28,North Branch,Senior,Audiobook,1.50,15.00
10603,2025-04-05,2025-04-19,2025-04-23,Main Branch,Teacher,Graphic Novel,2.00,15.00
10604,2025-04-24,2025-05-08,2025-05-18,North Branch,Adult,Non-Fiction,5.00,35.00
10605,2025-03-31,2025-04-14,2025-04-20,Main Branch,Adult,Non-Fiction,3.00,45.00
10606,2025-11-13,2025-11-27,2025-11-29,Main Branch,Adult,Fiction,1.00,28.00
10607,2025-07-31,2025-08-14,2025-08-16,Main Branch,Teacher,Graphic Novel,1.00,15.00
10608,2025-02-13,2025-02-27,2025-02-22,South Branch,Student,Audiobook,0.00,25.00
10609,2025-11-04,2025-11-18,2025-11-27,North Branch,Adult,Fiction,4.50,24.00
10610,2025-06-08,2025-06-15,2025-06-10,Main Branch,Student,DVD,0.00,18.00
10611,2025-02-18,2025-03-04,2025-03-06,Main Branch,Adult,Graphic Novel,1.00,15.00
10612,2025-02-18,2025-03-04,2025-03-13,Main Branch,Teacher,Graphic Novel,4.50,14.00
10613,2025-01-01,2025-01-15,2025-01-20,North Branch,Teacher,Reference,2.50,95.00
10614,2025-09-18,2025-10-02,2025-10-03,North Branch,Adult,Non-Fiction,0.50,35.00
10615,2025-07-24,2025-08-07,2025-08-04,North Branch,Senior,Reference,0.00,150.00
10616,2025-01-20,2025-02-03,2025-01-29,Main Branch,Teacher,Graphic Novel,0.00,15.00
10617,2025-04-12,2025-04-26,2025-05-02,Main Branch,Teacher,Non-Fiction,3.00,25.00
10618,2025-08-25,2025-09-08,2025-09-05,North Branch,Student,Graphic Novel,0.00,14.00
10619,2025-10-20,2025-10-27,2025-11-03,South Branch,Adult,DVD,3.50,15.00
10620,2025-03-10,2025-03-24,2025-03-24,South Branch,Teacher,Fiction,0.00,15.00
10621,2025-10-02,2025-10-16,2025-10-24,North Branch,Student,Fiction,4.00,20.00
10622,2025-08-11,2025-08-18,2025-08-22,South Branch,Senior,DVD,2.00,18.00
10623,2025-06-13,2025-06-20,2025-06-19,Main Branch,Teacher,DVD,0.00,18.00
10624,2025-08-26,2025-09-09,2025-09-07,South Branch,Student,Graphic Novel,0.00,18.00
10625,2025-03-02,2025-03-16,2025-03-13,North Branch,Teacher,Reference,0.00,85.00
10626,2025-09-22,2025-09-29,2025-09-25,South Branch,Adult,DVD,0.00,20.00
10627,2025-04-11,2025-04-18,2025-04-24,South Branch,Senior,DVD,3.00,15.00
10628,2025-09-17,2025-10-01,2025-10-09,North Branch,Adult,Graphic Novel,4.00,16.00
10629,2025-05-17,2025-05-31,2025-05-26,North Branch,Teacher,Graphic Novel,0.00,15.00
10630,2025-08-30,2025-09-13,2025-09-16,North Branch,Student,Audiobook,1.50,18.00
10631,2025-07-20,2025-08-03,2025-08-11,South Branch,Teacher,Audiobook,4.00,25.00
10632,2025-04-28,2025-05-12,2025-05-11,South Branch,Adult,Audiobook,0.00,20.00
10633,2025-01-10,2025-01-24,2025-01-28,North Branch,Student,Reference,2.00,120.00
10634,2025-03-29,2025-04-12,2025-04-11,North Branch,Student,Audiobook,0.00,25.00
10635,2025-10-04,2025-10-18,2025-10-25,Main Branch,Student,Graphic Novel,3.50,16.00
10636,2025-11-08,2025-11-22,2025-11-22,South Branch,Student,Non-Fiction,0.00,40.00
10637,2025-06-16,2025-06-30,2025-07-04,South Branch,Student,Reference,2.00,150.00
10638,2025-03-19,2025-04-02,2025-04-03,Main Branch,Teacher,Graphic Novel,0.50,16.00
10639,2025-02-19,2025-03-05,2025-03-02,Main Branch,Senior,Graphic Novel,0.00,16.00
10640,2025-05-22,2025-06-05,2025-06-10,South Branch,Student,Reference,2.50,150.00
10641,2025-10-13,2025-10-20,2025-10-24,North Branch,Senior,DVD,2.00,15.00
10642,2025-09-22,2025-10-06,2025-10-09,South Branch,Senior,Graphic Novel,1.50,15.00
10643,2025-08-30,2025-09-06,2025-09-09,North Branch,Teacher,DVD,1.50,18.00
10644,2025-05-04,2025-05-11,2025-05-06,Main Branch,Adult,DVD,0.00,18.00
10645,2025-02-21,2025-03-07,2025-03-14,North Branch,Teacher,Audiobook,3.50,20.00
10646,2025-11-08,2025-11-22,2025-11-17,South Branch,Student,Fiction,0.00,15.00
10647,2025-02-05,2025-02-19,2025-02-25,Main Branch,Adult,Reference,3.00,95.00
10648,2025-02-17,2025-03-03,2025-03-01,North Branch,Student,Fiction,0.00,20.00
10649,2025-07-03,2025-07-17,2025-07-25,North Branch,Student,Audiobook,4.00,15.00
10650,2025-11-05,2025-11-12,2025-11-10,South Branch,Student,DVD,0.00,15.00
10651,2025-10-30,2025-11-13,2025-11-23,Main Branch,Senior,Audiobook,5.00,25.00
10652,2025-10-07,2025-10-21,2025-10-31,Main Branch,Senior,Graphic Novel,5.00,15.00
10653,2025-01-13,2025-01-27,2025-01-22,Main Branch,Senior,Non-Fiction,0.00,45.00
10654,2025-09-23,2025-10-07,2025-10-13,South Branch,Adult,Reference,3.00,95.00
10655,2025-04-15,2025-04-29,2025-05-05,South Branch,Teacher,Fiction,3.00,15.00
10656,2025-09-12,2025-09-26,2025-10-01,South Branch,Senior,Fiction,2.50,20.00
10657,2025-07-07,2025-07-21,2025-07-17,Main Branch,Teacher,Non-Fiction,0.00,30.00
10658,2025-06-29,2025-07-13,2025-07-20,North Branch,Teacher,Graphic Novel,3.50,14.00
10659,2025-03-26,2025-04-09,2025-04-12,Main Branch,Teacher,Fiction,1.50,15.00
10660,2025-05-24,2025-06-07,2025-06-04,North Branch,Senior,Audiobook,0.00,18.00
10661,2025-11-18,2025-12-02,2025-12-10,North Branch,Teacher,Reference,4.00,85.00
10662,2025-05-25,2025-06-01,2025-05-30,North Branch,Teacher,DVD,0.00,20.00
10663,2025-08-24,2025-08-31,2025-09-08,Main Branch,Teacher,DVD,4.00,20.00
10664,2025-07-28,2025-08-11,2025-08-18,Main Branch,Student,Audiobook,3.50,15.00
10665,2025-04-18,2025-05-02,2025-05-01,Main Branch,Student,Graphic Novel,0.00,14.00
10666,2025-08-02,2025-08-16,2025-08-14,South Branch,Teacher,Audiobook,0.00,20.00
10667,2025-09-26,2025-10-10,2025-10-06,Main Branch,Teacher,Reference,0.00,150.00
10668,2025-11-17,2025-11-24,2025-11-24,Main Branch,Teacher,DVD,0.00,20.00
10669,2025-05-07,2025-05-21,2025-05-29,Main Branch,Adult,Reference,4.00,95.00
10670,2025-09-11,2025-09-18,2025-09-20,South Branch,Senior,DVD,1.00,20.00
10671,2025-02-20,2025-03-06,2025-03-16,North Branch,Adult,Fiction,5.00,28.00
10672,2025-10-11,2025-10-18,2025-10-16,North Branch,Student,DVD,0.00,20.00
10673,2025-08-01,2025-08-08,2025-08-11,South Branch,Adult,DVD,1.50,15.00
10674,2025-02-02,2025-02-16,2025-02-11,Main Branch,Teacher,Non-Fiction,0.00,25.00
10675,2025-05-17,2025-05-31,2025-05-27,Main Branch,Adult,Audiobook,0.00,15.00
10676,2025-06-20,2025-07-04,2025-07-02,Main Branch,Adult,Fiction,0.00,15.00
10677,2025-01-04,2025-01-18,2025-01-15,South Branch,Student,Audiobook,0.00,20.00
10678,2025-03-24,2025-04-07,2025-04-13,South Branch,Teacher,Audiobook,3.00,20.00
10679,2025-09-01,2025-09-15,2025-09-10,Main Branch,Teacher,Fiction,0.00,20.00
10680,2025-09-06,2025-09-20,2025-09-15,North Branch,Teacher,Graphic Novel,0.00,18.00
10681,2025-05-23,2025-06-06,2025-06-06,Main Branch,Adult,Graphic Novel,0.00,18.00
10682,2025-03-06,2025-03-20,2025-03-28,Main Branch,Senior,Graphic Novel,4.00,18.00
10683,2025-11-05,2025-11-19,2025-11-20,North Branch,Student,Fiction,0.50,24.00
10684,2025-04-24,2025-05-08,2025-05-11,Main Branch,Teacher,Fiction,1.50,15.00
10685,2025-07-17,2025-07-24,2025-07-26,South Branch,Senior,DVD,1.00,15.00
10686,2025-09-17,2025-10-01,2025-10-01,Main Branch,Teacher,Reference,0.00,120.00
10687,2025-11-26,2025-12-10,2025-12-18,Main Branch,Senior,Fiction,4.00,28.00
10688,2025-11-10,2025-11-24,2025-11-28,Main Branch,Teacher,Graphic Novel,2.00,14.00
10689,2025-01-02,2025-01-16,2025-01-14,South Branch,Teacher,Audiobook,0.00,15.00
10690,2025-02-21,2025-03-07,2025-03-15,South Branch,Senior,Graphic Novel,4.00,15.00
10691,2025-05-19,2025-06-02,2025-05-30,South Branch,Teacher,Audiobook,0.00,18.00
10692,2025-09-15,2025-09-29,2025-09-26,Main Branch,Teacher,Reference,0.00,95.00
10693,2025-09-14,2025-09-21,2025-10-01,South Branch,Adult,DVD,5.00,20.00
10694,2025-11-26,2025-12-10,2025-12-11,South Branch,Teacher,Graphic Novel,0.50,14.00
10695,2025-05-08,2025-05-22,2025-06-01,North Branch,Student,Graphic Novel,5.00,18.00
10696,2025-05-28,2025-06-04,2025-06-13,North Branch,Senior,DVD,4.50,18.00
10697,2025-07-18,2025-08-01,2025-08-04,Main Branch,Senior,Reference,1.50,85.00
10698,2025-09-27,2025-10-11,2025-10-19,North Branch,Senior,Non-Fiction,4.00,30.00
10699,2025-03-30,2025-04-13,2025-04-17,Main Branch,Teacher,Reference,2.00,120.00
10700,2025-09-22,2025-10-06,2025-10-12,Main Branch,Student,Reference,3.00,85.00
10701,2025-03-29,2025-04-12,2025-04-15,Main Branch,Senior,Audiobook,1.50,15.00
10702,2025-08-18,2025-09-01,2025-08-31,South Branch,Student,Reference,0.00,120.00
10703,2025-04-30,2025-05-14,2025-05-21,South Branch,Teacher,Reference,3.50,85.00
10704,2025-07-10,2025-07-24,2025-07-21,South Branch,Student,Non-Fiction,0.00,40.00
10705,2025-11-25,2025-12-09,2025-12-05,Main Branch,Senior,Fiction,0.00,28.00
10706,2025-03-13,2025-03-27,2025-03-22,Main Branch,Adult,Fiction,0.00,24.00
10707,2025-03-10,2025-03-24,2025-03-27,Main Branch,Teacher,Audiobook,1.50,18.00
10708,2025-11-12,2025-11-19,2025-11-14,South Branch,Senior,DVD,0.00,15.00
10709,2025-02-25,2025-03-11,2025-03-17,Main Branch,Adult,Reference,3.00,150.00
10710,2025-08-07,2025-08-21,2025-08-19,Main Branch,Senior,Graphic Novel,0.00,16.00
10711,2025-01-01,2025-01-15,2025-01-21,Main Branch,Teacher,Graphic Novel,3.00,16.00
10712,2025-03-25,2025-04-08,2025-04-18,North Branch,Student,Reference,5.00,85.00
10713,2025-10-13,2025-10-20,2025-10-29,South Branch,Adult,DVD,4.50,18.00
10714,2025-04-18,2025-05-02,2025-05-01,Main Branch,Senior,Graphic Novel,0.00,14.00
10715,2025-02-07,2025-02-21,2025-02-20,South Branch,Student,Non-Fiction,0.00,30.00
10716,2025-07-03,2025-07-10,2025-07-19,South Branch,Student,DVD,4.50,20.00
10717,2025-01-17,2025-01-31,2025-02-10,North Branch,Senior,Fiction,5.00,28.00
10718,2025-10-16,2025-10-23,2025-10-29,Main Branch,Adult,DVD,3.00,18.00
10719,2025-05-27,2025-06-10,2025-06-05,South Branch,Teacher,Graphic Novel,0.00,15.00
10720,2025-08-07,2025-08-14,2025-08-21,South Branch,Teacher,DVD,3.50,18.00
10721,2025-10-18,2025-10-25,2025-11-02,South Branch,Adult,DVD,4.00,15.00
10722,2025-05-10,2025-05-24,2025-05-22,North Branch,Teacher,Reference,0.00,150.00
10723,2025-03-23,2025-04-06,2025-04-11,Main Branch,Adult,Graphic Novel,2.50,14.00
10724,2025-09-12,2025-09-26,2025-10-03,Main Branch,Teacher,Graphic Novel,3.50,14.00
10725,2025-01-06,2025-01-20,2025-01-24,Main Branch,Teacher,Fiction,2.00,20.00
10726,2025-04-22,2025-05-06,2025-05-13,North Branch,Adult,Fiction,3.50,15.00
10727,2025-08-16,2025-08-23,2025-08-22,Main Branch,Senior,DVD,0.00,20.00
10728,2025-03-13,2025-03-27,2025-03-25,Main Branch,Adult,Graphic Novel,0.00,18.00
10729,2025-11-28,2025-12-05,2025-12-05,South Branch,Student,DVD,0.00,15.00
10730,2025-09-18,2025-10-02,2025-09-27,North Branch,Teacher,Reference,0.00,95.00
10731,2025-03-12,2025-03-26,2025-03-25,South Branch,Student,Fiction,0.00,28.00
10732,2025-11-08,2025-11-22,2025-11-25,South Branch,Student,Fiction,1.50,20.00
10733,2025-07-17,2025-07-31,2025-07-26,North Branch,Senior,Non-Fiction,0.00,35.00
10734,2025-10-03,2025-10-17,2025-10-21,South Branch,Teacher,Graphic Novel,2.00,16.00
10735,2025-08-06,2025-08-20,2025-08-21,South Branch,Teacher,Fiction,0.50,20.00
10736,2025-11-02,2025-11-09,2025-11-19,North Branch,Senior,DVD,5.00,18.00
10737,2025-08-18,2025-08-25,2025-09-03,Main Branch,Senior,DVD,4.50,18.00
10738,2025-04-28,2025-05-12,2025-05-17,Main Branch,Teacher,Reference,2.50,150.00
10739,2025-10-11,2025-10-25,2025-10-29,North Branch,Teacher,Fiction,2.00,20.00
10740,2025-01-22,2025-02-05,2025-02-12,South Branch,Senior,Graphic Novel,3.50,16.00
10741,2025-11-10,2025-11-24,2025-11-21,North Branch,Student,Audiobook,0.00,18.00
10742,2025-03-04,2025-03-18,2025-03-24,North Branch,Student,Fiction,3.00,15.00
10743,2025-02-03,2025-02-17,2025-02-21,North Branch,Student,Reference,2.00,120.00
10744,2025-08-19,2025-09-02,2025-09-04,North Branch,Teacher,Fiction,1.00,20.00
10745,2025-09-22,2025-10-06,2025-10-16,North Branch,Teacher,Fiction,5.00,15.00
10746,2025-11-25,2025-12-09,2025-12-12,North Branch,Adult,Graphic Novel,1.50,16.00
10747,2025-11-07,2025-11-21,2025-12-01,North Branch,Adult,Audiobook,5.00,18.00
10748,2025-05-18,2025-06-01,2025-05-28,South Branch,Teacher,Reference,0.00,150.00
10749,2025-09-04,2025-09-11,2025-09-12,South Branch,Teacher,DVD,0.50,18.00
10750,2025-10-23,2025-11-06,2025-11-12,South Branch,Senior,Non-Fiction,3.00,25.00
10751,2025-05-08,2025-05-22,2025-05-17,South Branch,Teacher,Fiction,0.00,28.00
10752,2025-04-16,2025-04-30,2025-05-04,Main Branch,Adult,Fiction,2.00,24.00
10753,2025-07-17,2025-07-31,2025-08-06,Main Branch,Senior,Fiction,3.00,15.00
10754,2025-01-05,2025-01-19,2025-01-17,Main Branch,Senior,Non-Fiction,0.00,25.00
10755,2025-02-08,2025-02-22,2025-03-04,North Branch,Adult,Non-Fiction,5.00,25.00
10756,2025-12-01,2025-12-15,2025-12-10,North Branch,Adult,Non-Fiction,0.00,40.00
10757,2025-08-18,2025-09-01,2025-09-06,South Branch,Senior,Non-Fiction,2.50,25.00
10758,2025-03-18,2025-04-01,2025-04-11,Main Branch,Senior,Reference,5.00,85.00
10759,2025-11-14,2025-11-28,2025-12-02,Main Branch,Teacher,Graphic Novel,2.00,14.00
10760,2025-07-30,2025-08-06,2025-08-15,Main Branch,Senior,DVD,4.50,15.00
10761,2025-05-25,2025-06-08,2025-06-03,North Branch,Senior,Reference,0.00,85.00
10762,2025-10-06,2025-10-20,2025-10-17,North Branch,Student,Reference,0.00,95.00
10763,2025-03-20,2025-04-03,2025-03-30,North Branch,Student,Graphic Novel,0.00,15.00
10764,2025-07-13,2025-07-27,2025-07-24,North Branch,Student,Fiction,0.00,24.00
10765,2025-09-07,2025-09-21,2025-09-20,Main Branch,Teacher,Audiobook,0.00,25.00
10766,2025-01-30,2025-02-13,2025-02-15,North Branch,Teacher,Reference,1.00,85.00
10767,2025-08-13,2025-08-27,2025-08-24,North Branch,Teacher,Audiobook,0.00,25.00
10768,2025-03-17,2025-03-31,2025-04-04,North Branch,Student,Fiction,2.00,24.00
10769,2025-08-31,2025-09-14,2025-09-22,South Branch,Student,Graphic Novel,4.00,16.00
10770,2025-05-25,2025-06-08,2025-06-17,South Branch,Adult,Audiobook,4.50,25.00
10771,2025-01-06,2025-01-13,2025-01-19,South Branch,Teacher,DVD,3.00,15.00
10772,2025-05-04,2025-05-18,2025-05-23,South Branch,Senior,Reference,2.50,150.00
10773,2025-04-29,2025-05-13,2025-05-17,Main Branch,Teacher,Non-Fiction,2.00,30.00
10774,2025-11-30,2025-12-14,2025-12-16,Main Branch,Teacher,Graphic Novel,1.00,15.00
10775,2025-09-14,2025-09-21,2025-09-24,South Branch,Senior,DVD,1.50,20.00
10776,2025-04-14,2025-04-28,2025-04-27,South Branch,Teacher,Non-Fiction,0.00,30.00
10777,2025-07-22,2025-07-29,2025-07-31,Main Branch,Student,DVD,1.00,18.00
10778,2025-01-11,2025-01-25,2025-01-30,South Branch,Senior,Non-Fiction,2.50,45.00
10779,2025-01-01,2025-01-15,2025-01-25,Main Branch,Teacher,Audiobook,5.00,15.00
10780,2025-02-08,2025-02-22,2025-02-17,North Branch,Senior,Fiction,0.00,20.00
10781,2025-07-18,2025-07-25,2025-07-31,South Branch,Teacher,DVD,3.00,15.00
10782,2025-05-18,2025-05-25,2025-05-21,Main Branch,Senior,DVD,0.00,15.00
10783,2025-11-11,2025-11-18,2025-11-25,South Branch,Student,DVD,3.50,15.00
10784,2025-07-16,2025-07-30,2025-07-30,Main Branch,Adult,Audiobook,0.00,18.00
10785,2025-10-18,2025-11-01,2025-11-01,South Branch,Senior,Graphic Novel,0.00,16.00
10786,2025-06-15,2025-06-22,2025-06-30,Main Branch,Student,DVD,4.00,15.00
10787,2025-11-14,2025-11-28,2025-11-29,North Branch,Student,Audiobook,0.50,25.00
10788,2025-01-19,2025-02-02,2025-02-04,South Branch,Teacher,Reference,1.00,120.00
10789,2025-08-02,2025-08-16,2025-08-13,North Branch,Senior,Reference,0.00,85.00
10790,2025-09-01,2025-09-15,2025-09-25,South Branch,Senior,Fiction,5.00,15.00
10791,2025-08-21,2025-09-04,2025-09-04,South Branch,Senior,Audiobook,0.00,15.00
10792,2025-01-12,2025-01-26,2025-02-02,South Branch,Senior,Non-Fiction,3.50,25.00
10793,2025-01-05,2025-01-19,2025-01-26,North Branch,Senior,Reference,3.50,95.00
10794,2025-11-22,2025-12-06,2025-12-12,Main Branch,Senior,Graphic Novel,3.00,14.00
10795,2025-11-03,2025-11-17,2025-11-25,Main Branch,Student,Reference,4.00,120.00
10796,2025-05-20,2025-06-03,2025-06-10,South Branch,Adult,Non-Fiction,3.50,40.00
10797,2025-08-02,2025-08-16,2025-08-12,Main Branch,Teacher,Fiction,0.00,15.00
10798,2025-08-24,2025-09-07,2025-09-06,North Branch,Adult,Audiobook,0.00,25.00
10799,2025-09-15,2025-09-29,2025-09-24,North Branch,Adult,Graphic Novel,0.00,15.00
10800,2025-04-28,2025-05-12,2025-05-08,Main Branch,Senior,Graphic Novel,0.00,18.00
10801,2025-10-10,2025-10-24,2025-10-26,Main Branch,Teacher,Graphic Novel,1.00,18.00
10802,2025-02-27,2025-03-13,2025-03-15,Main Branch,Adult,Audiobook,1.00,20.00
10803,2025-07-08,2025-07-22,2025-07-17,Main Branch,Teacher,Reference,0.00,95.00
10804,2025-09-08,2025-09-22,2025-09-18,South Branch,Teacher,Audiobook,0.00,15.00
10805,2025-11-09,2025-11-23,2025-11-19,Main Branch,Senior,Graphic Novel,0.00,15.00
10806,2025-03-02,2025-03-16,2025-03-11,South Branch,Student,Non-Fiction,0.00,30.00
10807,2025-05-03,2025-05-10,2025-05-14,Main Branch,Senior,DVD,2.00,20.00
10808,2025-09-21,2025-09-28,2025-10-05,North Branch,Adult,DVD,3.50,15.00
10809,2025-10-28,2025-11-11,2025-11-21,North Branch,Teacher,Reference,5.00,85.00
10810,2025-06-11,2025-06-18,2025-06-19,North Branch,Teacher,DVD,0.50,18.00
10811,2025-10-12,2025-10-26,2025-10-30,Main Branch,Senior,Reference,2.00,120.00
10812,2025-08-18,2025-09-01,2025-09-04,North Branch,Student,Audiobook,1.50,20.00
10813,2025-06-02,2025-06-09,2025-06-18,Main Branch,Senior,DVD,4.50,20.00
10814,2025-03-17,2025-03-31,2025-04-03,North Branch,Teacher,Audiobook,1.50,15.00
10815,2025-05-10,2025-05-24,2025-06-03,South Branch,Senior,Non-Fiction,5.00,45.00
10816,2025-11-25,2025-12-09,2025-12-06,South Branch,Teacher,Reference,0.00,85.00
10817,2025-07-23,2025-08-06,2025-08-03,Main Branch,Adult,Non-Fiction,0.00,35.00
10818,2025-01-10,2025-01-24,2025-01-23,South Branch,Senior,Reference,0.00,95.00
10819,2025-06-23,2025-07-07,2025-07-03,Main Branch,Senior,Non-Fiction,0.00,35.00
10820,2025-05-18,2025-05-25,2025-05-22,Main Branch,Student,DVD,0.00,20.00
10821,2025-04-02,2025-04-16,2025-04-14,Main Branch,Adult,Non-Fiction,0.00,25.00
10822,2025-04-22,2025-04-29,2025-04-26,Main Branch,Student,DVD,0.00,20.00
10823,2025-05-03,2025-05-10,2025-05-10,North Branch,Teacher,DVD,0.00,18.00
10824,2025-07-21,2025-08-04,2025-07-30,Main Branch,Teacher,Graphic Novel,0.00,15.00
10825,2025-06-12,2025-06-26,2025-06-29,North Branch,Teacher,Reference,1.50,150.00
10826,2025-03-25,2025-04-08,2025-04-04,Main Branch,Student,Non-Fiction,0.00,35.00
10827,2025-05-23,2025-06-06,2025-06-16,Main Branch,Senior,Reference,5.00,85.00
10828,2025-03-15,2025-03-22,2025-03-28,Main Branch,Student,DVD,3.00,18.00
10829,2025-07-28,2025-08-11,2025-08-11,North Branch,Senior,Graphic Novel,0.00,14.00
10830,2025-05-19,2025-05-26,2025-05-24,North Branch,Student,DVD,0.00,18.00
10831,2025-09-22,2025-09-29,2025-09-29,North Branch,Student,DVD,0.00,15.00
10832,2025-02-27,2025-03-13,2025-03-19,South Branch,Student,Fiction,3.00,28.00
10833,2025-10-27,2025-11-10,2025-11-14,Main Branch,Senior,Fiction,2.00,28.00
10834,2025-01-16,2025-01-23,2025-02-02,Main Branch,Teacher,DVD,5.00,20.00
10835,2025-03-28,2025-04-11,2025-04-14,Main Branch,Student,Audiobook,1.50,18.00
10836,2025-03-22,2025-04-05,2025-04-03,Main Branch,Student,Reference,0.00,85.00
10837,2025-04-29,2025-05-13,2025-05-16,North Branch,Teacher,Reference,1.50,120.00
10838,2025-04-12,2025-04-26,2025-04-28,South Branch,Adult,Graphic Novel,1.00,14.00
10839,2025-10-01,2025-10-08,2025-10-05,Main Branch,Teacher,DVD,0.00,20.00
10840,2025-09-04,2025-09-11,2025-09-11,North Branch,Adult,DVD,0.00,15.00
10841,2025-05-13,2025-05-27,2025-06-03,North Branch,Teacher,Reference,3.50,150.00
10842,2025-09-30,2025-10-14,2025-10-12,North Branch,Teacher,Fiction,0.00,24.00
10843,2025-01-15,2025-01-29,2025-02-05,South Branch,Adult,Audiobook,3.50,25.00
10844,2025-01-28,2025-02-11,2025-02-17,Main Branch,Teacher,Non-Fiction,3.00,30.00
10845,2025-04-10,2025-04-24,2025-04-30,Main Branch,Adult,Graphic Novel,3.00,16.00
10846,2025-05-04,2025-05-11,2025-05-21,Main Branch,Student,DVD,5.00,20.00
10847,2025-11-01,2025-11-15,2025-11-12,North Branch,Adult,Audiobook,0.00,25.00
10848,2025-09-27,2025-10-11,2025-10-13,Main Branch,Student,Reference,1.00,85.00
10849,2025-07-13,2025-07-27,2025-07-25,Main Branch,Adult,Reference,0.00,85.00
10850,2025-01-29,2025-02-12,2025-02-21,North Branch,Senior,Audiobook,4.50,25.00
10851,2025-02-03,2025-02-17,2025-02-26,Main Branch,Student,Audiobook,4.50,18.00
10852,2025-04-30,2025-05-14,2025-05-21,Main Branch,Teacher,Reference,3.50,95.00
10853,2025-09-27,2025-10-04,2025-10-06,South Branch,Adult,DVD,1.00,18.00
10854,2025-09-29,2025-10-13,2025-10-20,Main Branch,Student,Audiobook,3.50,20.00
10855,2025-05-23,2025-05-30,2025-06-09,North Branch,Senior,DVD,5.00,20.00
10856,2025-01-20,2025-02-03,2025-02-02,South Branch,Adult,Non-Fiction,0.00,25.00
10857,2025-01-22,2025-01-29,2025-02-05,North Branch,Teacher,DVD,3.50,20.00
10858,2025-04-05,2025-04-19,2025-04-15,South Branch,Senior,Audiobook,0.00,25.00
10859,2025-07-29,2025-08-12,2025-08-16,Main Branch,Teacher,Non-Fiction,2.00,35.00
10860,2025-06-05,2025-06-19,2025-06-19,North Branch,Student,Non-Fiction,0.00,45.00
10861,2025-09-03,2025-09-10,2025-09-05,South Branch,Senior,DVD,0.00,20.00
10862,2025-12-01,2025-12-08,2025-12-13,South Branch,Senior,DVD,2.50,20.00
10863,2025-03-09,2025-03-23,2025-03-24,South Branch,Adult,Reference,0.50,95.00
10864,2025-11-24,2025-12-08,2025-12-14,Main Branch,Student,Fiction,3.00,24.00
10865,2025-10-27,2025-11-03,2025-11-13,Main Branch,Senior,DVD,5.00,20.00
10866,2025-04-22,2025-05-06,2025-05-10,Main Branch,Student,Fiction,2.00,20.00
10867,2025-03-13,2025-03-27,2025-04-04,Main Branch,Senior,Audiobook,4.00,20.00
10868,2025-01-10,2025-01-24,2025-02-03,North Branch,Teacher,Reference,5.00,120.00
10869,2025-07-16,2025-07-30,2025-08-09,Main Branch,Senior,Non-Fiction,5.00,25.00
10870,2025-05-26,2025-06-09,2025-06-06,North Branch,Teacher,Non-Fiction,0.00,30.00
10871,2025-04-14,2025-04-28,2025-04-29,South Branch,Adult,Reference,0.50,85.00
10872,2025-03-14,2025-03-28,2025-03-30,Main Branch,Student,Non-Fiction,1.00,30.00
10873,2025-09-26,2025-10-10,2025-10-05,North Branch,Senior,Non-Fiction,0.00,35.00
10874,2025-05-12,2025-05-19,2025-05-15,North Branch,Senior,DVD,0.00,20.00
10875,2025-01-05,2025-01-19,2025-01-19,South Branch,Senior,Graphic Novel,0.00,18.00
10876,2025-03-06,2025-03-20,2025-03-17,South Branch,Adult,Reference,0.00,150.00
10877,2025-09-13,2025-09-27,2025-09-27,Main Branch,Student,Reference,0.00,150.00
10878,2025-06-03,2025-06-17,2025-06-18,South Branch,Senior,Graphic Novel,0.50,18.00
10879,2025-04-08,2025-04-22,2025-04-19,North Branch,Senior,Audiobook,0.00,18.00
10880,2025-07-06,2025-07-13,2025-07-20,South Branch,Senior,DVD,3.50,15.00
10881,2025-11-06,2025-11-20,2025-11-17,North Branch,Teacher,Fiction,0.00,24.00
10882,2025-03-26,2025-04-09,2025-04-09,North Branch,Adult,Non-Fiction,0.00,35.00
10883,2025-06-22,2025-07-06,2025-07-08,Main Branch,Teacher,Audiobook,1.00,20.00
10884,2025-11-03,2025-11-17,2025-11-17,North Branch,Senior,Audiobook,0.00,18.00
10885,2025-11-05,2025-11-19,2025-11-29,Main Branch,Student,Fiction,5.00,20.00
10886,2025-07-27,2025-08-10,2025-08-07,Main Branch,Senior,Reference,0.00,85.00
10887,2025-09-02,2025-09-16,2025-09-24,North Branch,Student,Fiction,4.00,28.00
10888,2025-04-17,2025-04-24,2025-04-28,South Branch,Student,DVD,2.00,18.00
10889,2025-09-01,2025-09-08,2025-09-07,Main Branch,Student,DVD,0.00,20.00
10890,2025-06-08,2025-06-22,2025-06-30,North Branch,Student,Reference,4.00,150.00
10891,2025-09-15,2025-09-29,2025-10-09,Main Branch,Senior,Audiobook,5.00,25.00
10892,2025-03-01,2025-03-15,2025-03-23,North Branch,Student,Audiobook,4.00,25.00
10893,2025-09-11,2025-09-25,2025-09-21,North Branch,Teacher,Non-Fiction,0.00,45.00
10894,2025-02-13,2025-02-27,2025-03-02,North Branch,Student,Graphic Novel,1.50,18.00
10895,2025-01-31,2025-02-14,2025-02-22,North Branch,Senior,Audiobook,4.00,25.00
10896,2025-08-02,2025-08-16,2025-08-14,North Branch,Senior,Reference,0.00,95.00
10897,2025-02-20,2025-03-06,2025-03-15,Main Branch,Student,Fiction,4.50,28.00
10898,2025-05-09,2025-05-23,2025-05-31,Main Branch,Adult,Graphic Novel,4.00,14.00
10899,2025-03-12,2025-03-26,2025-03-24,South Branch,Student,Non-Fiction,0.00,35.00
10900,2025-11-29,2025-12-13,2025-12-18,South Branch,Student,Reference,2.50,120.00
10901,2025-01-11,2025-01-25,2025-01-24,Main Branch,Senior,Non-Fiction,0.00,40.00
10902,2025-02-12,2025-02-19,2025-02-17,South Branch,Teacher,DVD,0.00,20.00
10903,2025-08-29,2025-09-12,2025-09-14,Main Branch,Student,Fiction,1.00,22.00
10904,2025-01-13,2025-01-20,2025-01-25,Main Branch,Student,DVD,2.50,15.00
10905,2025-04-27,2025-05-11,2025-05-21,South Branch,Student,Fiction,5.00,22.00
10906,2025-10-13,2025-10-27,2025-10-29,Main Branch,Adult,Non-Fiction,1.00,30.00
10907,2025-03-15,2025-03-29,2025-04-05,Main Branch,Adult,Graphic Novel,3.50,18.00
10908,2025-08-31,2025-09-14,2025-09-16,Main Branch,Teacher,Reference,1.00,85.00
10909,2025-01-31,2025-02-07,2025-02-07,Main Branch,Student,DVD,0.00,18.00
10910,2025-09-18,2025-10-02,2025-09-27,Main Branch,Student,Fiction,0.00,15.00
10911,2025-05-30,2025-06-13,2025-06-11,Main Branch,Student,Fiction,0.00,15.00
10912,2025-08-06,2025-08-20,2025-08-25,South Branch,Senior,Non-Fiction,2.50,25.00
10913,2025-03-04,2025-03-18,2025-03-16,South Branch,Student,Graphic Novel,0.00,15.00
10914,2025-01-30,2025-02-13,2025-02-14,North Branch,Teacher,Reference,0.50,150.00
10915,2025-02-16,2025-03-02,2025-03-05,South Branch,Senior,Graphic Novel,1.50,14.00
10916,2025-05-08,2025-05-22,2025-05-20,South Branch,Senior,Non-Fiction,0.00,25.00
10917,2025-09-13,2025-09-27,2025-09-27,Main Branch,Teacher,Graphic Novel,0.00,15.00
10918,2025-09-30,2025-10-14,2025-10-12,South Branch,Teacher,Graphic Novel,0.00,16.00
10919,2025-01-27,2025-02-10,2025-02-13,North Branch,Teacher,Audiobook,1.50,20.00
10920,2025-04-04,2025-04-18,2025-04-17,North Branch,Senior,Reference,0.00,150.00
10921,2025-08-04,2025-08-18,2025-08-22,South Branch,Teacher,Graphic Novel,2.00,16.00
10922,2025-06-26,2025-07-10,2025-07-07,South Branch,Adult,Graphic Novel,0.00,15.00
10923,2025-05-11,2025-05-25,2025-05-31,South Branch,Student,Reference,3.00,95.00
10924,2025-10-07,2025-10-14,2025-10-14,North Branch,Senior,DVD,0.00,20.00
10925,2025-06-10,2025-06-24,2025-06-22,North Branch,Teacher,Audiobook,0.00,25.00
10926,2025-04-15,2025-04-22,2025-04-22,South Branch,Student,DVD,0.00,20.00
10927,2025-02-09,2025-02-16,2025-02-25,South Branch,Adult,DVD,4.50,15.00
10928,2025-07-24,2025-08-07,2025-08-03,Main Branch,Student,Fiction,0.00,15.00
10929,2025-09-21,2025-10-05,2025-10-12,South Branch,Senior,Non-Fiction,3.50,35.00
10930,2025-08-20,2025-09-03,2025-09-06,North Branch,Adult,Audiobook,1.50,15.00
10931,2025-04-25,2025-05-09,2025-05-12,South Branch,Teacher,Audiobook,1.50,25.00
10932,2025-01-01,2025-01-15,2025-01-22,Main Branch,Student,Audiobook,3.50,15.00
10933,2025-08-18,2025-09-01,2025-09-05,Main Branch,Student,Audiobook,2.00,25.00
10934,2025-01-17,2025-01-31,2025-02-03,Main Branch,Student,Graphic Novel,1.50,18.00
10935,2025-06-23,2025-06-30,2025-07-01,Main Branch,Adult,DVD,0.50,20.00
10936,2025-02-21,2025-02-28,2025-02-25,South Branch,Senior,DVD,0.00,20.00
10937,2025-01-29,2025-02-12,2025-02-09,North Branch,Teacher,Reference,0.00,85.00
10938,2025-04-06,2025-04-20,2025-04-16,North Branch,Senior,Fiction,0.00,22.00
10939,2025-07-11,2025-07-25,2025-07-20,North Branch,Student,Reference,0.00,120.00
10940,2025-05-22,2025-06-05,2025-06-10,South Branch,Senior,Audiobook,2.50,20.00
10941,2025-08-29,2025-09-12,2025-09-15,North Branch,Senior,Reference,1.50,120.00
10942,2025-06-06,2025-06-20,2025-06-20,Main Branch,Senior,Graphic Novel,0.00,14.00
10943,2025-08-30,2025-09-13,2025-09-16,South Branch,Adult,Non-Fiction,1.50,25.00
10944,2025-05-21,2025-06-04,2025-06-08,Main Branch,Teacher,Audiobook,2.00,25.00
10945,2025-09-17,2025-09-24,2025-09-21,South Branch,Student,DVD,0.00,18.00
10946,2025-07-26,2025-08-09,2025-08-04,Main Branch,Adult,Non-Fiction,0.00,30.00
10947,2025-03-13,2025-03-27,2025-04-05,Main Branch,Teacher,Fiction,4.50,15.00
10948,2025-10-17,2025-10-31,2025-10-27,South Branch,Student,Non-Fiction,0.00,40.00
10949,2025-10-20,2025-11-03,2025-10-29,North Branch,Senior,Reference,0.00,120.00
10950,2025-07-02,2025-07-16,2025-07-16,Main Branch,Senior,Audiobook,0.00,15.00
10951,2025-10-04,2025-10-18,2025-10-24,Main Branch,Teacher,Graphic Novel,3.00,16.00
10952,2025-04-06,2025-04-20,2025-04-28,South Branch,Teacher,Non-Fiction,4.00,35.00
10953,2025-02-10,2025-02-24,2025-03-02,Main Branch,Senior,Graphic Novel,3.00,14.00
10954,2025-02-27,2025-03-13,2025-03-20,Main Branch,Senior,Reference,3.50,150.00
10955,2025-10-02,2025-10-16,2025-10-21,Main Branch,Teacher,Fiction,2.50,20.00
10956,2025-02-18,2025-03-04,2025-03-05,Main Branch,Teacher,Non-Fiction,0.50,25.00
10957,2025-09-02,2025-09-09,2025-09-06,North Branch,Teacher,DVD,0.00,18.00
10958,2025-10-26,2025-11-09,2025-11-11,Main Branch,Student,Fiction,1.00,28.00
10959,2025-06-07,2025-06-21,2025-06-27,North Branch,Student,Non-Fiction,3.00,45.00
10960,2025-09-16,2025-09-30,2025-09-30,South Branch,Senior,Reference,0.00,85.00
10961,2025-02-05,2025-02-19,2025-02-16,South Branch,Teacher,Graphic Novel,0.00,16.00
10962,2025-09-29,2025-10-13,2025-10-09,Main Branch,Student,Audiobook,0.00,20.00
10963,2025-04-25,2025-05-09,2025-05-10,Main Branch,Adult,Audiobook,0.50,18.00
10964,2025-02-07,2025-02-21,2025-02-18,South Branch,Student,Audiobook,0.00,15.00
10965,2025-02-07,2025-02-21,2025-02-23,Main Branch,Teacher,Graphic Novel,1.00,14.00
10966,2025-10-13,2025-10-27,2025-10-30,South Branch,Teacher,Non-Fiction,1.50,35.00
10967,2025-02-13,2025-02-27,2025-02-24,South Branch,Student,Non-Fiction,0.00,45.00
10968,2025-06-25,2025-07-09,2025-07-17,North Branch,Adult,Reference,4.00,120.00
10969,2025-09-22,2025-10-06,2025-10-10,South Branch,Teacher,Reference,2.00,85.00
10970,2025-06-02,2025-06-16,2025-06-17,North Branch,Senior,Non-Fiction,0.50,25.00
10971,2025-11-06,2025-11-20,2025-11-23,North Branch,Student,Reference,1.50,150.00
10972,2025-02-16,2025-03-02,2025-03-07,South Branch,Senior,Fiction,2.50,22.00
10973,2025-09-26,2025-10-03,2025-10-08,Main Branch,Senior,DVD,2.50,20.00
10974,2025-03-03,2025-03-10,2025-03-06,South Branch,Student,DVD,0.00,15.00
10975,2025-04-15,2025-04-29,2025-05-02,North Branch,Senior,Non-Fiction,1.50,35.00
10976,2025-08-28,2025-09-11,2025-09-10,North Branch,Teacher,Non-Fiction,0.00,35.00
10977,2025-11-14,2025-11-28,2025-12-04,South Branch,Senior,Non-Fiction,3.00,40.00
10978,2025-11-26,2025-12-10,2025-12-07,Main Branch,Adult,Non-Fiction,0.00,25.00
10979,2025-10-17,2025-10-31,2025-11-04,South Branch,Senior,Fiction,2.00,22.00
10980,2025-09-30,2025-10-14,2025-10-21,Main Branch,Teacher,Graphic Novel,3.50,16.00
10981,2025-09-05,2025-09-19,2025-09-28,North Branch,Teacher,Reference,4.50,95.00
10982,2025-11-04,2025-11-18,2025-11-18,Main Branch,Teacher,Graphic Novel,0.00,14.00
10983,2025-08-27,2025-09-03,2025-09-03,Main Branch,Adult,DVD,0.00,15.00
10984,2025-08-03,2025-08-17,2025-08-19,North Branch,Student,Fiction,1.00,22.00
10985,2025-07-09,2025-07-16,2025-07-18,South Branch,Adult,DVD,1.00,20.00
10986,2025-11-02,2025-11-16,2025-11-20,North Branch,Adult,Audiobook,2.00,20.00
10987,2025-09-13,2025-09-27,2025-09-23,North Branch,Teacher,Reference,0.00,150.00
10988,2025-07-21,2025-08-04,2025-08-02,South Branch,Student,Non-Fiction,0.00,35.00
10989,2025-02-17,2025-03-03,2025-03-05,South Branch,Senior,Audiobook,1.00,25.00
10990,2025-08-05,2025-08-19,2025-08-19,North Branch,Senior,Graphic Novel,0.00,18.00
10991,2025-04-14,2025-04-28,2025-04-27,North Branch,Student,Graphic Novel,0.00,16.00
10992,2025-03-20,2025-04-03,2025-04-10,North Branch,Teacher,Reference,3.50,85.00
10993,2025-06-25,2025-07-09,2025-07-11,Main Branch,Senior,Non-Fiction,1.00,45.00
10994,2025-11-02,2025-11-16,2025-11-12,North Branch,Adult,Graphic Novel,0.00,14.00
10995,2025-03-16,2025-03-30,2025-04-04,Main Branch,Senior,Graphic Novel,2.50,15.00
10996,2025-02-17,2025-03-03,2025-03-02,Main Branch,Student,Graphic Novel,0.00,18.00
10997,2025-03-19,2025-03-26,2025-03-30,Main Branch,Adult,DVD,2.00,15.00
10998,2025-05-03,2025-05-17,2025-05-19,Main Branch,Adult,Reference,1.00,85.00
10999,2025-02-18,2025-03-04,2025-03-13,North Branch,Student,Non-Fiction,4.50,40.00
11000,2025-05-30,2025-06-13,2025-06-21,North Branch,Student,Graphic Novel,4.00,16.00
11001,2025-03-30,2025-04-13,2025-04-23,South Branch,Student,Non-Fiction,5.00,30.00
11002,2025-08-31,2025-09-14,2025-09-20,North Branch,Teacher,Non-Fiction,3.00,40.00
11003,2025-09-26,2025-10-10,2025-10-05,North Branch,Teacher,Graphic Novel,0.00,15.00
11004,2025-03-24,2025-04-07,2025-04-06,Main Branch,Teacher,Audiobook,0.00,20.00
11005,2025-07-25,2025-08-08,2025-08-12,North Branch,Teacher,Non-Fiction,2.00,40.00
11006,2025-01-25,2025-02-08,2025-02-17,North Branch,Teacher,Reference,4.50,120.00
11007,2025-07-04,2025-07-18,2025-07-13,Main Branch,Senior,Non-Fiction,0.00,35.00
11008,2025-06-06,2025-06-20,2025-06-22,South Branch,Senior,Fiction,1.00,24.00
11009,2025-07-09,2025-07-23,2025-07-24,Main Branch,Senior,Reference,0.50,150.00
11010,2025-01-08,2025-01-22,2025-01-18,North Branch,Adult,Fiction,0.00,20.00
11011,2025-09-03,2025-09-10,2025-09-08,South Branch,Adult,DVD,0.00,15.00
11012,2025-01-16,2025-01-30,2025-01-29,North Branch,Teacher,Graphic Novel,0.00,14.00
11013,2025-04-23,2025-05-07,2025-05-02,South Branch,Teacher,Graphic Novel,0.00,14.00
11014,2025-10-19,2025-10-26,2025-11-02,North Branch,Student,DVD,3.50,18.00
11015,2025-03-17,2025-03-24,2025-03-22,North Branch,Teacher,DVD,0.00,20.00
11016,2025-06-16,2025-06-23,2025-07-03,North Branch,Teacher,DVD,5.00,18.00
11017,2025-10-23,2025-10-30,2025-11-07,Main Branch,Teacher,DVD,4.00,15.00
11018,2025-02-27,2025-03-13,2025-03-12,South Branch,Teacher,Audiobook,0.00,25.00
11019,2025-11-30,2025-12-14,2025-12-09,South Branch,Adult,Graphic Novel,0.00,14.00
11020,2025-03-21,2025-04-04,2025-04-11,North Branch,Teacher,Audiobook,3.50,20.00
11021,2025-05-12,2025-05-26,2025-05-23,North Branch,Teacher,Non-Fiction,0.00,35.00
11022,2025-01-13,2025-01-27,2025-01-29,North Branch,Senior,Graphic Novel,1.00,15.00
11023,2025-07-07,2025-07-14,2025-07-09,South Branch,Teacher,DVD,0.00,20.00
11024,2025-07-22,2025-08-05,2025-08-14,South Branch,Student,Non-Fiction,4.50,45.00
11025,2025-02-07,2025-02-14,2025-02-20,North Branch,Adult,DVD,3.00,15.00
11026,2025-03-21,2025-04-04,2025-04-03,South Branch,Senior,Graphic Novel,0.00,16.00
11027,2025-07-16,2025-07-30,2025-07-30,Main Branch,Adult,Fiction,0.00,24.00
11028,2025-10-02,2025-10-16,2025-10-22,North Branch,Student,Reference,3.00,120.00
11029,2025-05-04,2025-05-18,2025-05-27,South Branch,Student,Non-Fiction,4.50,35.00
11030,2025-05-24,2025-06-07,2025-06-13,South Branch,Student,Non-Fiction,3.00,30.00
11031,2025-09-24,2025-10-08,2025-10-03,North Branch,Adult,Audiobook,0.00,18.00
11032,2025-04-23,2025-05-07,2025-05-14,North Branch,Adult,Non-Fiction,3.50,30.00
11033,2025-08-22,2025-08-29,2025-09-05,Main Branch,Teacher,DVD,3.50,20.00
11034,2025-08-08,2025-08-22,2025-08-20,Main Branch,Senior,Graphic Novel,0.00,14.00
11035,2025-06-24,2025-07-08,2025-07-12,Main Branch,Adult,Non-Fiction,2.00,30.00
11036,2025-01-21,2025-02-04,2025-02-01,Main Branch,Teacher,Non-Fiction,0.00,25.00
11037,2025-09-03,2025-09-10,2025-09-06,South Branch,Student,DVD,0.00,20.00
11038,2025-05-25,2025-06-08,2025-06-14,North Branch,Adult,Fiction,3.00,20.00
11039,2025-03-21,2025-04-04,2025-04-11,South Branch,Senior,Fiction,3.50,22.00
11040,2025-07-02,2025-07-09,2025-07-15,South Branch,Student,DVD,3.00,18.00
11041,2025-08-26,2025-09-09,2025-09-07,South Branch,Senior,Non-Fiction,0.00,30.00
11042,2025-04-18,2025-05-02,2025-05-07,South Branch,Senior,Non-Fiction,2.50,45.00
11043,2025-02-17,2025-02-24,2025-03-05,North Branch,Student,DVD,4.50,15.00
11044,2025-02-05,2025-02-19,2025-02-25,North Branch,Adult,Graphic Novel,3.00,16.00
11045,2025-07-09,2025-07-23,2025-07-28,Main Branch,Adult,Non-Fiction,2.50,30.00
11046,2025-10-01,2025-10-15,2025-10-17,North Branch,Senior,Graphic Novel,1.00,18.00
11047,2025-12-01,2025-12-15,2025-12-13,North Branch,Adult,Graphic Novel,0.00,18.00
11048,2025-06-04,2025-06-18,2025-06-26,North Branch,Senior,Fiction,4.00,15.00
11049,2025-04-25,2025-05-09,2025-05-05,North Branch,Adult,Audiobook,0.00,20.00
11050,2025-07-16,2025-07-23,2025-07-30,North Branch,Adult,DVD,3.50,20.00
11051,2025-02-23,2025-03-09,2025-03-16,North Branch,Senior,Reference,3.50,150.00
11052,2025-05-31,2025-06-14,2025-06-18,South Branch,Student,Non-Fiction,2.00,40.00
11053,2025-08-17,2025-08-31,2025-09-04,Main Branch,Senior,Non-Fiction,2.00,40.00
11054,2025-09-03,2025-09-17,2025-09-12,Main Branch,Adult,Reference,0.00,120.00
11055,2025-10-28,2025-11-11,2025-11-14,Main Branch,Student,Fiction,1.50,24.00
11056,2025-11-09,2025-11-16,2025-11-15,Main Branch,Teacher,DVD,0.00,15.00
11057,2025-03-05,2025-03-19,2025-03-28,North Branch,Adult,Graphic Novel,4.50,15.00
11058,2025-04-06,2025-04-20,2025-04-22,North Branch,Teacher,Audiobook,1.00,20.00
11059,2025-08-06,2025-08-13,2025-08-10,Main Branch,Adult,DVD,0.00,15.00
11060,2025-11-02,2025-11-16,2025-11-25,Main Branch,Adult,Audiobook,4.50,18.00
11061,2025-01-25,2025-02-08,2025-02-11,North Branch,Teacher,Graphic Novel,1.50,18.00
11062,2025-07-11,2025-07-25,2025-07-21,North Branch,Teacher,Audiobook,0.00,15.00
11063,2025-07-12,2025-07-26,2025-08-05,North Branch,Teacher,Non-Fiction,5.00,45.00
11064,2025-02-24,2025-03-03,2025-03-02,North Branch,Adult,DVD,0.00,15.00
11065,2025-10-11,2025-10-25,2025-11-04,North Branch,Adult,Reference,5.00,120.00
11066,2025-02-21,2025-02-28,2025-02-25,South Branch,Teacher,DVD,0.00,20.00
11067,2025-11-01,2025-11-15,2025-11-10,Main Branch,Senior,Graphic Novel,0.00,15.00
11068,2025-05-06,2025-05-20,2025-05-24,North Branch,Student,Non-Fiction,2.00,30.00
11069,2025-04-12,2025-04-26,2025-04-28,Main Branch,Teacher,Fiction,1.00,24.00
11070,2025-10-25,2025-11-08,2025-11-08,Main Branch,Adult,Audiobook,0.00,18.00
11071,2025-10-11,2025-10-25,2025-10-21,South Branch,Senior,Audiobook,0.00,18.00
11072,2025-04-05,2025-04-19,2025-04-24,North Branch,Student,Audiobook,2.50,20.00
11073,2025-11-04,2025-11-18,2025-11-18,South Branch,Teacher,Reference,0.00,95.00
11074,2025-10-20,2025-11-03,2025-11-02,Main Branch,Teacher,Fiction,0.00,28.00
11075,2025-03-04,2025-03-18,2025-03-21,North Branch,Student,Graphic Novel,1.50,16.00
11076,2025-05-31,2025-06-07,2025-06-04,South Branch,Teacher,DVD,0.00,20.00
11077,2025-06-12,2025-06-26,2025-07-02,South Branch,Senior,Non-Fiction,3.00,35.00
11078,2025-08-18,2025-09-01,2025-09-02,North Branch,Adult,Graphic Novel,0.50,14.00
11079,2025-10-30,2025-11-13,2025-11-13,North Branch,Adult,Non-Fiction,0.00,45.00
11080,2025-04-08,2025-04-22,2025-04-20,North Branch,Student,Fiction,0.00,20.00
11081,2025-05-28,2025-06-11,2025-06-18,South Branch,Teacher,Reference,3.50,85.00
11082,2025-07-20,2025-08-03,2025-08-06,Main Branch,Student,Graphic Novel,1.50,18.00
11083,2025-08-09,2025-08-23,2025-08-29,South Branch,Teacher,Graphic Novel,3.00,18.00
11084,2025-08-13,2025-08-27,2025-09-02,South Branch,Student,Fiction,3.00,28.00
11085,2025-02-12,2025-02-26,2025-03-08,North Branch,Teacher,Audiobook,5.00,18.00
11086,2025-04-08,2025-04-22,2025-04-27,Main Branch,Senior,Reference,2.50,120.00
11087,2025-05-06,2025-05-20,2025-05-24,Main Branch,Adult,Non-Fiction,2.00,35.00
11088,2025-04-18,2025-05-02,2025-05-02,North Branch,Teacher,Non-Fiction,0.00,25.00
11089,2025-07-10,2025-07-24,2025-07-22,Main Branch,Adult,Fiction,0.00,15.00
11090,2025-03-22,2025-04-05,2025-04-09,South Branch,Teacher,Reference,2.00,85.00
11091,2025-08-31,2025-09-07,2025-09-07,South Branch,Student,DVD,0.00,15.00
11092,2025-07-29,2025-08-12,2025-08-11,Main Branch,Senior,Fiction,0.00,24.00
11093,2025-04-18,2025-05-02,2025-04-27,North Branch,Adult,Graphic Novel,0.00,18.00
11094,2025-03-18,2025-04-01,2025-04-01,Main Branch,Senior,Non-Fiction,0.00,45.00
11095,2025-02-14,2025-02-21,2025-02-28,Main Branch,Adult,DVD,3.50,15.00
11096,2025-01-16,2025-01-23,2025-01-23,Main Branch,Adult,DVD,0.00,15.00
11097,2025-03-21,2025-04-04,2025-04-06,North Branch,Senior,Reference,1.00,150.00
11098,2025-05-30,2025-06-13,2025-06-19,South Branch,Adult,Audiobook,3.00,25.00
11099,2025-08-05,2025-08-19,2025-08-24,South Branch,Adult,Graphic Novel,2.50,16.00
11100,2025-05-28,2025-06-11,2025-06-13,North Branch,Senior,Graphic Novel,1.00,16.00
11101,2025-04-19,2025-05-03,2025-05-08,North Branch,Student,Graphic Novel,2.50,16.00
11102,2025-08-31,2025-09-14,2025-09-20,North Branch,Adult,Audiobook,3.00,25.00
11103,2025-11-26,2025-12-10,2025-12-16,South Branch,Adult,Non-Fiction,3.00,40.00
11104,2025-11-14,2025-11-28,2025-12-08,Main Branch,Adult,Graphic Novel,5.00,16.00
11105,2025-03-22,2025-04-05,2025-04-05,North Branch,Teacher,Non-Fiction,0.00,40.00
11106,2025-08-13,2025-08-27,2025-09-05,North Branch,Adult,Fiction,4.50,28.00
11107,2025-03-23,2025-04-06,2025-04-02,Main Branch,Teacher,Reference,0.00,150.00
11108,2025-07-04,2025-07-18,2025-07-26,North Branch,Senior,Reference,4.00,120.00
11109,2025-07-27,2025-08-10,2025-08-13,South Branch,Teacher,Non-Fiction,1.50,40.00
11110,2025-06-10,2025-06-24,2025-06-25,North Branch,Student,Fiction,0.50,24.00
11111,2025-05-19,2025-06-02,2025-05-28,South Branch,Senior,Graphic Novel,0.00,14.00
11112,2025-08-04,2025-08-18,2025-08-24,Main Branch,Adult,Reference,3.00,150.00
11113,2025-02-28,2025-03-14,2025-03-15,South Branch,Senior,Reference,0.50,150.00
11114,2025-02-02,2025-02-16,2025-02-19,Main Branch,Student,Audiobook,1.50,18.00
11115,2025-01-17,2025-01-31,2025-02-04,South Branch,Student,Audiobook,2.00,25.00
11116,2025-11-28,2025-12-12,2025-12-17,South Branch,Adult,Non-Fiction,2.50,25.00
11117,2025-10-08,2025-10-15,2025-10-11,South Branch,Teacher,DVD,0.00,15.00
11118,2025-02-25,2025-03-04,2025-03-02,North Branch,Senior,DVD,0.00,20.00
11119,2025-11-14,2025-11-21,2025-11-28,North Branch,Senior,DVD,3.50,15.00
11120,2025-10-02,2025-10-09,2025-10-05,North Branch,Student,DVD,0.00,15.00
11121,2025-07-07,2025-07-21,2025-07-21,Main Branch,Senior,Non-Fiction,0.00,40.00
11122,2025-04-25,2025-05-09,2025-05-10,Main Branch,Adult,Fiction,0.50,20.00
11123,2025-06-28,2025-07-12,2025-07-12,North Branch,Student,Fiction,0.00,15.00
11124,2025-01-09,2025-01-23,2025-01-27,North Branch,Student,Audiobook,2.00,25.00
11125,2025-03-08,2025-03-22,2025-03-30,South Branch,Teacher,Audiobook,4.00,20.00
11126,2025-10-06,2025-10-13,2025-10-09,Main Branch,Adult,DVD,0.00,15.00
11127,2025-04-08,2025-04-15,2025-04-15,Main Branch,Senior,DVD,0.00,20.00
11128,2025-09-02,2025-09-16,2025-09-18,South Branch,Teacher,Graphic Novel,1.00,18.00
11129,2025-03-24,2025-04-07,2025-04-11,North Branch,Teacher,Fiction,2.00,15.00
11130,2025-01-13,2025-01-27,2025-02-05,North Branch,Teacher,Audiobook,4.50,18.00
11131,2025-02-02,2025-02-16,2025-02-25,North Branch,Senior,Non-Fiction,4.50,40.00
11132,2025-04-24,2025-05-08,2025-05-08,North Branch,Student,Graphic Novel,0.00,15.00
11133,2025-09-20,2025-09-27,2025-10-04,North Branch,Teacher,DVD,3.50,20.00
11134,2025-03-15,2025-03-29,2025-03-26,Main Branch,Teacher,Fiction,0.00,20.00
11135,2025-08-20,2025-09-03,2025-09-12,North Branch,Student,Audiobook,4.50,20.00
11136,2025-03-30,2025-04-13,2025-04-21,Main Branch,Senior,Non-Fiction,4.00,35.00
11137,2025-07-27,2025-08-10,2025-08-20,North Branch,Adult,Fiction,5.00,28.00
11138,2025-04-21,2025-04-28,2025-04-27,North Branch,Adult,DVD,0.00,18.00
11139,2025-05-24,2025-06-07,2025-06-04,Main Branch,Adult,Fiction,0.00,28.00
11140,2025-01-07,2025-01-21,2025-01-19,North Branch,Student,Reference,0.00,150.00
11141,2025-03-03,2025-03-10,2025-03-15,North Branch,Adult,DVD,2.50,18.00
11142,2025-07-23,2025-08-06,2025-08-08,South Branch,Adult,Reference,1.00,150.00
11143,2025-05-04,2025-05-18,2025-05-13,North Branch,Senior,Non-Fiction,0.00,30.00
11144,2025-08-25,2025-09-08,2025-09-05,North Branch,Senior,Audiobook,0.00,20.00
11145,2025-02-06,2025-02-13,2025-02-17,North Branch,Adult,DVD,2.00,18.00
11146,2025-07-26,2025-08-09,2025-08-16,North Branch,Senior,Fiction,3.50,22.00
11147,2025-11-16,2025-11-30,2025-12-04,North Branch,Teacher,Fiction,2.00,15.00
11148,2025-10-26,2025-11-09,2025-11-04,South Branch,Student,Fiction,0.00,20.00
11149,2025-04-12,2025-04-26,2025-05-03,Main Branch,Senior,Reference,3.50,95.00
11150,2025-07-27,2025-08-10,2025-08-14,Main Branch,Student,Reference,2.00,95.00
11151,2025-01-04,2025-01-18,2025-01-13,North Branch,Adult,Reference,0.00,85.00
11152,2025-09-29,2025-10-06,2025-10-08,South Branch,Senior,DVD,1.00,15.00
11153,2025-04-26,2025-05-03,2025-05-10,Main Branch,Senior,DVD,3.50,18.00
11154,2025-05-23,2025-06-06,2025-06-12,North Branch,Senior,Fiction,3.00,24.00
11155,2025-06-21,2025-07-05,2025-07-07,North Branch,Adult,Non-Fiction,1.00,25.00
11156,2025-03-01,2025-03-15,2025-03-21,North Branch,Teacher,Audiobook,3.00,25.00
11157,2025-07-22,2025-08-05,2025-08-10,North Branch,Adult,Non-Fiction,2.50,35.00
11158,2025-07-24,2025-08-07,2025-08-11,Main Branch,Adult,Graphic Novel,2.00,15.00
11159,2025-05-19,2025-06-02,2025-06-10,North Branch,Senior,Non-Fiction,4.00,40.00
11160,2025-04-07,2025-04-21,2025-04-26,South Branch,Adult,Fiction,2.50,28.00
11161,2025-11-04,2025-11-18,2025-11-20,Main Branch,Senior,Audiobook,1.00,25.00
11162,2025-02-20,2025-02-27,2025-03-02,North Branch,Teacher,DVD,1.50,20.00
11163,2025-01-17,2025-01-31,2025-02-05,South Branch,Teacher,Reference,2.50,85.00
11164,2025-03-29,2025-04-12,2025-04-10,South Branch,Teacher,Non-Fiction,0.00,35.00
11165,2025-09-27,2025-10-11,2025-10-20,Main Branch,Adult,Graphic Novel,4.50,14.00
11166,2025-09-11,2025-09-25,2025-09-26,South Branch,Senior,Reference,0.50,150.00
11167,2025-08-31,2025-09-14,2025-09-10,North Branch,Student,Fiction,0.00,20.00
11168,2025-04-17,2025-04-24,2025-05-02,North Branch,Student,DVD,4.00,20.00
11169,2025-11-13,2025-11-27,2025-11-22,Main Branch,Student,Audiobook,0.00,25.00
11170,2025-08-22,2025-09-05,2025-08-31,North Branch,Adult,Non-Fiction,0.00,30.00
11171,2025-11-18,2025-11-25,2025-11-24,North Branch,Student,DVD,0.00,20.00
11172,2025-02-04,2025-02-18,2025-02-28,South Branch,Teacher,Graphic Novel,5.00,15.00
11173,2025-06-04,2025-06-18,2025-06-26,North Branch,Student,Graphic Novel,4.00,18.00
11174,2025-01-26,2025-02-09,2025-02-14,South Branch,Student,Audiobook,2.50,15.00
11175,2025-06-15,2025-06-29,2025-06-26,South Branch,Senior,Graphic Novel,0.00,15.00
11176,2025-10-20,2025-11-03,2025-11-03,South Branch,Adult,Reference,0.00,150.00
11177,2025-08-10,2025-08-24,2025-09-01,North Branch,Student,Reference,4.00,85.00
11178,2025-03-01,2025-03-15,2025-03-15,South Branch,Teacher,Graphic Novel,0.00,16.00
11179,2025-02-05,2025-02-19,2025-02-20,South Branch,Teacher,Graphic Novel,0.50,18.00
11180,2025-04-20,2025-05-04,2025-05-04,Main Branch,Adult,Reference,0.00,85.00
11181,2025-06-08,2025-06-15,2025-06-13,Main Branch,Senior,DVD,0.00,20.00
11182,2025-11-04,2025-11-11,2025-11-14,South Branch,Adult,DVD,1.50,20.00
11183,2025-01-07,2025-01-14,2025-01-09,North Branch,Adult,DVD,0.00,20.00
11184,2025-02-24,2025-03-10,2025-03-15,South Branch,Teacher,Non-Fiction,2.50,40.00
11185,2025-10-03,2025-10-17,2025-10-21,North Branch,Adult,Audiobook,2.00,20.00
11186,2025-05-13,2025-05-27,2025-05-22,North Branch,Adult,Non-Fiction,0.00,35.00
11187,2025-05-26,2025-06-09,2025-06-16,Main Branch,Adult,Non-Fiction,3.50,40.00
11188,2025-01-16,2025-01-30,2025-02-06,South Branch,Adult,Graphic Novel,3.50,14.00
11189,2025-10-13,2025-10-27,2025-10-28,Main Branch,Adult,Audiobook,0.50,25.00
11190,2025-09-30,2025-10-14,2025-10-24,North Branch,Senior,Reference,5.00,120.00
11191,2025-12-01,2025-12-15,2025-12-21,South Branch,Teacher,Non-Fiction,3.00,30.00
11192,2025-05-18,2025-06-01,2025-06-09,South Branch,Senior,Fiction,4.00,15.00
11193,2025-11-03,2025-11-10,2025-11-12,North Branch,Student,DVD,1.00,20.00
11194,2025-07-23,2025-08-06,2025-08-07,Main Branch,Senior,Graphic Novel,0.50,14.00
11195,2025-01-21,2025-02-04,2025-02-12,North Branch,Adult,Non-Fiction,4.00,30.00
11196,2025-06-15,2025-06-29,2025-07-02,South Branch,Senior,Graphic Novel,1.50,15.00
11197,2025-02-26,2025-03-05,2025-03-10,Main Branch,Adult,DVD,2.50,15.00
11198,2025-10-21,2025-11-04,2025-10-30,South Branch,Adult,Fiction,0.00,15.00
11199,2025-06-06,2025-06-13,2025-06-13,South Branch,Adult,DVD,0.00,20.00
11200,2025-06-07,2025-06-21,2025-06-27,North Branch,Senior,Audiobook,3.00,25.00
11201,2025-09-13,2025-09-27,2025-10-03,South Branch,Adult,Graphic Novel,3.00,14.00
11202,2025-05-13,2025-05-27,2025-05-23,Main Branch,Adult,Fiction,0.00,20.00
11203,2025-01-27,2025-02-10,2025-02-12,South Branch,Student,Fiction,1.00,20.00
11204,2025-01-18,2025-01-25,2025-01-30,Main Branch,Senior,DVD,2.50,18.00
11205,2025-01-29,2025-02-12,2025-02-15,North Branch,Student,Fiction,1.50,22.00
11206,2025-08-26,2025-09-09,2025-09-04,Main Branch,Adult,Fiction,0.00,24.00
11207,2025-03-18,2025-04-01,2025-04-11,North Branch,Adult,Non-Fiction,5.00,35.00
11208,2025-03-05,2025-03-19,2025-03-22,South Branch,Teacher,Reference,1.50,150.00
11209,2025-06-14,2025-06-28,2025-07-05,South Branch,Adult,Audiobook,3.50,20.00
11210,2025-03-03,2025-03-17,2025-03-19,South Branch,Teacher,Audiobook,1.00,25.00
11211,2025-06-21,2025-07-05,2025-07-09,South Branch,Senior,Reference,2.00,120.00
11212,2025-10-30,2025-11-06,2025-11-13,North Branch,Senior,DVD,3.50,18.00
11213,2025-06-05,2025-06-19,2025-06-23,Main Branch,Adult,Non-Fiction,2.00,40.00
11214,2025-01-19,2025-02-02,2025-02-09,South Branch,Senior,Graphic Novel,3.50,16.00
11215,2025-01-30,2025-02-13,2025-02-13,Main Branch,Student,Reference,0.00,85.00
11216,2025-05-07,2025-05-21,2025-05-25,Main Branch,Adult,Fiction,2.00,22.00
11217,2025-04-19,2025-05-03,2025-05-04,North Branch,Teacher,Graphic Novel,0.50,14.00
11218,2025-07-09,2025-07-23,2025-07-20,Main Branch,Student,Audiobook,0.00,20.00
11219,2025-01-24,2025-02-07,2025-02-10,South Branch,Teacher,Reference,1.50,95.00
11220,2025-05-15,2025-05-29,2025-06-07,Main Branch,Student,Graphic Novel,4.50,15.00
11221,2025-06-10,2025-06-24,2025-06-21,South Branch,Teacher,Audiobook,0.00,20.00
11222,2025-10-18,2025-11-01,2025-10-29,Main Branch,Teacher,Non-Fiction,0.00,35.00
11223,2025-05-22,2025-06-05,2025-06-04,South Branch,Student,Audiobook,0.00,20.00
11224,2025-04-16,2025-04-30,2025-05-06,South Branch,Teacher,Non-Fiction,3.00,35.00
11225,2025-02-23,2025-03-09,2025-03-07,South Branch,Adult,Graphic Novel,0.00,18.00
11226,2025-08-28,2025-09-11,2025-09-20,South Branch,Adult,Non-Fiction,4.50,45.00
11227,2025-05-29,2025-06-12,2025-06-18,South Branch,Teacher,Non-Fiction,3.00,40.00
11228,2025-08-02,2025-08-16,2025-08-22,South Branch,Student,Audiobook,3.00,20.00
11229,2025-02-20,2025-03-06,2025-03-02,North Branch,Senior,Reference,0.00,85.00
11230,2025-06-11,2025-06-25,2025-06-22,North Branch,Adult,Graphic Novel,0.00,18.00
11231,2025-05-04,2025-05-18,2025-05-26,North Branch,Student,Audiobook,4.00,25.00
11232,2025-03-07,2025-03-21,2025-03-21,Main Branch,Senior,Non-Fiction,0.00,25.00
11233,2025-10-29,2025-11-05,2025-10-31,North Branch,Adult,DVD,0.00,18.00
11234,2025-07-21,2025-07-28,2025-07-30,North Branch,Teacher,DVD,1.00,20.00
11235,2025-01-26,2025-02-09,2025-02-09,Main Branch,Senior,Fiction,0.00,20.00
11236,2025-08-25,2025-09-08,2025-09-05,North Branch,Student,Fiction,0.00,15.00
11237,2025-04-28,2025-05-12,2025-05-08,South Branch,Teacher,Graphic Novel,0.00,18.00
11238,2025-04-07,2025-04-14,2025-04-24,North Branch,Student,DVD,5.00,18.00
11239,2025-11-16,2025-11-23,2025-12-01,Main Branch,Student,DVD,4.00,18.00
11240,2025-11-03,2025-11-17,2025-11-22,South Branch,Senior,Audiobook,2.50,15.00
11241,2025-02-22,2025-03-08,2025-03-11,North Branch,Senior,Audiobook,1.50,15.00
11242,2025-09-15,2025-09-29,2025-09-30,South Branch,Adult,Non-Fiction,0.50,25.00
11243,2025-09-08,2025-09-22,2025-09-19,North Branch,Teacher,Fiction,0.00,22.00
11244,2025-10-28,2025-11-04,2025-11-10,Main Branch,Senior,DVD,3.00,15.00
11245,2025-02-05,2025-02-19,2025-02-28,North Branch,Adult,Non-Fiction,4.50,45.00
11246,2025-11-12,2025-11-26,2025-12-02,North Branch,Teacher,Graphic Novel,3.00,14.00
11247,2025-07-01,2025-07-15,2025-07-18,North Branch,Adult,Reference,1.50,150.00
11248,2025-10-14,2025-10-21,2025-10-20,South Branch,Student,DVD,0.00,20.00
11249,2025-02-01,2025-02-15,2025-02-18,North Branch,Senior,Non-Fiction,1.50,35.00
11250,2025-04-19,2025-04-26,2025-05-03,South Branch,Adult,DVD,3.50,18.00
11251,2025-03-25,2025-04-08,2025-04-08,Main Branch,Student,Non-Fiction,0.00,25.00
11252,2025-11-17,2025-12-01,2025-12-07,South Branch,Adult,Non-Fiction,3.00,25.00
11253,2025-11-16,2025-11-30,2025-11-26,Main Branch,Student,Audiobook,0.00,20.00
11254,2025-06-29,2025-07-13,2025-07-14,Main Branch,Student,Audiobook,0.50,20.00
11255,2025-09-25,2025-10-09,2025-10-18,Main Branch,Student,Reference,4.50,120.00
11256,2025-07-16,2025-07-30,2025-08-08,South Branch,Senior,Reference,4.50,95.00
11257,2025-06-27,2025-07-11,2025-07-14,North Branch,Senior,Graphic Novel,1.50,16.00
11258,2025-05-07,2025-05-21,2025-05-16,Main Branch,Student,Non-Fiction,0.00,45.00
11259,2025-01-03,2025-01-17,2025-01-21,South Branch,Student,Audiobook,2.00,15.00
11260,2025-11-06,2025-11-20,2025-11-21,South Branch,Student,Reference,0.50,85.00
11261,2025-09-24,2025-10-08,2025-10-03,South Branch,Senior,Graphic Novel,0.00,18.00
11262,2025-02-06,2025-02-20,2025-02-16,North Branch,Teacher,Fiction,0.00,22.00
11263,2025-10-17,2025-10-24,2025-10-20,North Branch,Teacher,DVD,0.00,18.00
11264,2025-03-27,2025-04-10,2025-04-16,Main Branch,Senior,Graphic Novel,3.00,15.00
11265,2025-04-28,2025-05-12,2025-05-22,South Branch,Adult,Audiobook,5.00,25.00
11266,2025-04-02,2025-04-09,2025-04-16,Main Branch,Senior,DVD,3.50,20.00
11267,2025-09-06,2025-09-20,2025-09-29,Main Branch,Student,Non-Fiction,4.50,30.00
11268,2025-01-28,2025-02-11,2025-02-11,Main Branch,Adult,Fiction,0.00,28.00
11269,2025-01-07,2025-01-21,2025-01-30,North Branch,Student,Graphic Novel,4.50,14.00
11270,2025-06-08,2025-06-15,2025-06-14,North Branch,Senior,DVD,0.00,15.00
11271,2025-05-06,2025-05-20,2025-05-24,North Branch,Senior,Audiobook,2.00,18.00
11272,2025-03-19,2025-04-02,2025-03-31,South Branch,Senior,Fiction,0.00,22.00
11273,2025-05-13,2025-05-27,2025-05-25,Main Branch,Senior,Reference,0.00,120.00
11274,2025-07-29,2025-08-12,2025-08-11,North Branch,Adult,Graphic Novel,0.00,15.00
11275,2025-08-01,2025-08-15,2025-08-24,South Branch,Adult,Graphic Novel,4.50,15.00
11276,2025-03-02,2025-03-16,2025-03-14,South Branch,Senior,Non-Fiction,0.00,40.00
11277,2025-05-05,2025-05-19,2025-05-14,Main Branch,Teacher,Audiobook,0.00,15.00
11278,2025-01-29,2025-02-12,2025-02-07,South Branch,Teacher,Non-Fiction,0.00,45.00
11279,2025-04-26,2025-05-10,2025-05-07,Main Branch,Adult,Audiobook,0.00,20.00
11280,2025-03-19,2025-04-02,2025-04-03,Main Branch,Teacher,Reference,0.50,95.00
11281,2025-10-15,2025-10-29,2025-11-04,South Branch,Student,Non-Fiction,3.00,30.00
11282,2025-11-09,2025-11-23,2025-11-24,Main Branch,Senior,Reference,0.50,95.00
11283,2025-11-21,2025-12-05,2025-12-14,North Branch,Teacher,Audiobook,4.50,25.00
11284,2025-11-09,2025-11-23,2025-11-24,North Branch,Senior,Audiobook,0.50,20.00
11285,2025-06-01,2025-06-15,2025-06-14,North Branch,Student,Graphic Novel,0.00,14.00
11286,2025-05-19,2025-05-26,2025-06-01,Main Branch,Student,DVD,3.00,20.00
11287,2025-06-30,2025-07-14,2025-07-13,North Branch,Teacher,Fiction,0.00,22.00
11288,2025-08-28,2025-09-04,2025-09-04,South Branch,Adult,DVD,0.00,18.00
11289,2025-08-13,2025-08-27,2025-08-22,South Branch,Adult,Graphic Novel,0.00,15.00
11290,2025-02-22,2025-03-08,2025-03-03,South Branch,Teacher,Fiction,0.00,20.00
11291,2025-02-01,2025-02-15,2025-02-14,Main Branch,Adult,Fiction,0.00,24.00
11292,2025-09-22,2025-10-06,2025-10-06,North Branch,Student,Reference,0.00,95.00
11293,2025-03-27,2025-04-10,2025-04-17,South Branch,Student,Fiction,3.50,24.00
11294,2025-10-29,2025-11-05,2025-11-15,Main Branch,Student,DVD,5.00,15.00
11295,2025-08-08,2025-08-22,2025-08-24,North Branch,Adult,Fiction,1.00,24.00
11296,2025-02-12,2025-02-26,2025-02-21,South Branch,Student,Reference,0.00,120.00
11297,2025-10-01,2025-10-15,2025-10-12,Main Branch,Student,Reference,0.00,150.00
11298,2025-08-19,2025-08-26,2025-08-25,South Branch,Senior,DVD,0.00,20.00
11299,2025-03-27,2025-04-10,2025-04-15,South Branch,Teacher,Audiobook,2.50,20.00
11300,2025-04-08,2025-04-22,2025-04-19,South Branch,Teacher,Audiobook,0.00,15.00
11301,2025-10-28,2025-11-11,2025-11-11,Main Branch,Teacher,Graphic Novel,0.00,14.00
11302,2025-11-19,2025-12-03,2025-12-01,South Branch,Student,Fiction,0.00,28.00
11303,2025-07-28,2025-08-11,2025-08-09,South Branch,Student,Non-Fiction,0.00,25.00
11304,2025-09-18,2025-10-02,2025-09-27,North Branch,Teacher,Non-Fiction,0.00,25.00
11305,2025-11-15,2025-11-29,2025-11-25,Main Branch,Senior,Fiction,0.00,22.00
11306,2025-03-10,2025-03-24,2025-03-27,South Branch,Teacher,Graphic Novel,1.50,15.00
11307,2025-10-12,2025-10-26,2025-10-28,North Branch,Student,Non-Fiction,1.00,25.00
11308,2025-11-10,2025-11-17,2025-11-24,North Branch,Senior,DVD,3.50,18.00
11309,2025-04-16,2025-04-30,2025-05-01,South Branch,Adult,Audiobook,0.50,20.00
11310,2025-10-19,2025-10-26,2025-10-21,North Branch,Teacher,DVD,0.00,20.00
11311,2025-01-04,2025-01-18,2025-01-22,South Branch,Senior,Audiobook,2.00,15.00
11312,2025-05-27,2025-06-10,2025-06-12,South Branch,Teacher,Audiobook,1.00,20.00
11313,2025-06-10,2025-06-24,2025-06-20,South Branch,Senior,Reference,0.00,85.00
11314,2025-07-07,2025-07-21,2025-07-26,Main Branch,Student,Non-Fiction,2.50,30.00
11315,2025-02-05,2025-02-12,2025-02-13,North Branch,Adult,DVD,0.50,20.00
11316,2025-11-19,2025-12-03,2025-12-11,North Branch,Adult,Non-Fiction,4.00,25.00
11317,2025-10-29,2025-11-12,2025-11-09,South Branch,Adult,Graphic Novel,0.00,15.00
11318,2025-09-02,2025-09-16,2025-09-26,North Branch,Senior,Graphic Novel,5.00,15.00
11319,2025-01-31,2025-02-07,2025-02-13,South Branch,Teacher,DVD,3.00,18.00
11320,2025-08-23,2025-08-30,2025-08-26,North Branch,Teacher,DVD,0.00,18.00
11321,2025-02-24,2025-03-10,2025-03-14,North Branch,Student,Graphic Novel,2.00,16.00
11322,2025-07-02,2025-07-16,2025-07-24,Main Branch,Teacher,Graphic Novel,4.00,15.00
11323,2025-07-11,2025-07-25,2025-07-21,North Branch,Adult,Fiction,0.00,20.00
11324,2025-06-10,2025-06-24,2025-07-03,Main Branch,Adult,Audiobook,4.50,18.00
11325,2025-07-24,2025-08-07,2025-08-03,North Branch,Senior,Fiction,0.00,22.00
11326,2025-05-21,2025-06-04,2025-06-02,Main Branch,Teacher,Reference,0.00,150.00
11327,2025-09-08,2025-09-15,2025-09-22,Main Branch,Adult,DVD,3.50,15.00
11328,2025-04-28,2025-05-12,2025-05-11,North Branch,Adult,Reference,0.00,85.00
11329,2025-03-05,2025-03-19,2025-03-24,Main Branch,Teacher,Reference,2.50,120.00
11330,2025-10-23,2025-11-06,2025-11-15,Main Branch,Student,Reference,4.50,95.00
11331,2025-03-28,2025-04-04,2025-04-11,South Branch,Adult,DVD,3.50,20.00
11332,2025-11-21,2025-11-28,2025-12-07,Main Branch,Student,DVD,4.50,18.00
11333,2025-04-01,2025-04-15,2025-04-25,North Branch,Student,Graphic Novel,5.00,18.00
11334,2025-06-17,2025-07-01,2025-07-03,South Branch,Teacher,Non-Fiction,1.00,40.00
11335,2025-04-20,2025-04-27,2025-05-05,South Branch,Student,DVD,4.00,18.00
11336,2025-11-01,2025-11-15,2025-11-15,South Branch,Senior,Fiction,0.00,28.00
11337,2025-06-14,2025-06-21,2025-06-24,North Branch,Senior,DVD,1.50,20.00
11338,2025-10-21,2025-11-04,2025-11-03,North Branch,Teacher,Reference,0.00,120.00
11339,2025-01-03,2025-01-17,2025-01-18,North Branch,Teacher,Graphic Novel,0.50,18.00
11340,2025-05-08,2025-05-22,2025-05-19,Main Branch,Adult,Fiction,0.00,15.00
11341,2025-07-10,2025-07-24,2025-07-21,South Branch,Teacher,Audiobook,0.00,18.00
11342,2025-01-17,2025-01-31,2025-02-10,North Branch,Adult,Graphic Novel,5.00,14.00
11343,2025-04-20,2025-05-04,2025-05-04,South Branch,Teacher,Graphic Novel,0.00,15.00
11344,2025-07-02,2025-07-16,2025-07-15,South Branch,Teacher,Graphic Novel,0.00,14.00
11345,2025-09-15,2025-09-29,2025-10-04,South Branch,Teacher,Audiobook,2.50,18.00
11346,2025-07-13,2025-07-27,2025-08-03,North Branch,Adult,Fiction,3.50,22.00
11347,2025-01-08,2025-01-22,2025-01-29,South Branch,Teacher,Reference,3.50,150.00
11348,2025-05-07,2025-05-21,2025-05-27,North Branch,Adult,Reference,3.00,95.00
11349,2025-06-29,2025-07-13,2025-07-18,South Branch,Student,Fiction,2.50,15.00
11350,2025-03-02,2025-03-16,2025-03-21,Main Branch,Senior,Fiction,2.50,15.00
11351,2025-02-01,2025-02-08,2025-02-03,Main Branch,Teacher,DVD,0.00,20.00
11352,2025-08-27,2025-09-03,2025-09-05,South Branch,Senior,DVD,1.00,15.00
11353,2025-10-10,2025-10-24,2025-11-03,Main Branch,Adult,Audiobook,5.00,25.00
11354,2025-01-12,2025-01-26,2025-01-23,South Branch,Student,Non-Fiction,0.00,45.00
11355,2025-08-06,2025-08-20,2025-08-20,South Branch,Senior,Reference,0.00,120.00
11356,2025-02-18,2025-03-04,2025-03-12,North Branch,Teacher,Fiction,4.00,28.00
11357,2025-04-08,2025-04-22,2025-04-27,North Branch,Teacher,Audiobook,2.50,25.00
11358,2025-02-15,2025-02-22,2025-03-02,North Branch,Senior,DVD,4.00,18.00
11359,2025-08-17,2025-08-31,2025-08-28,Main Branch,Adult,Non-Fiction,0.00,40.00
11360,2025-02-23,2025-03-09,2025-03-07,Main Branch,Student,Reference,0.00,85.00
11361,2025-11-03,2025-11-17,2025-11-26,Main Branch,Teacher,Reference,4.50,120.00
11362,2025-03-30,2025-04-06,2025-04-13,Main Branch,Student,DVD,3.50,18.00
11363,2025-07-01,2025-07-15,2025-07-12,South Branch,Senior,Non-Fiction,0.00,25.00
11364,2025-04-01,2025-04-15,2025-04-17,South Branch,Senior,Non-Fiction,1.00,45.00
11365,2025-11-04,2025-11-18,2025-11-17,South Branch,Senior,Fiction,0.00,15.00
11366,2025-11-21,2025-12-05,2025-12-08,North Branch,Senior,Reference,1.50,120.00
11367,2025-11-18,2025-12-02,2025-12-09,Main Branch,Adult,Non-Fiction,3.50,35.00
11368,2025-10-16,2025-10-30,2025-10-27,Main Branch,Teacher,Non-Fiction,0.00,40.00
11369,2025-09-25,2025-10-09,2025-10-18,South Branch,Student,Audiobook,4.50,25.00
11370,2025-03-11,2025-03-25,2025-04-04,South Branch,Senior,Audiobook,5.00,25.00
11371,2025-01-10,2025-01-24,2025-01-30,South Branch,Senior,Reference,3.00,120.00
11372,2025-06-27,2025-07-11,2025-07-12,Main Branch,Teacher,Fiction,0.50,24.00
11373,2025-02-24,2025-03-10,2025-03-06,North Branch,Senior,Reference,0.00,120.00
11374,2025-04-05,2025-04-19,2025-04-20,North Branch,Teacher,Non-Fiction,0.50,30.00
11375,2025-09-09,2025-09-23,2025-10-02,North Branch,Adult,Fiction,4.50,28.00
11376,2025-11-03,2025-11-17,2025-11-22,South Branch,Student,Non-Fiction,2.50,40.00
11377,2025-06-03,2025-06-10,2025-06-05,South Branch,Adult,DVD,0.00,20.00
11378,2025-09-11,2025-09-25,2025-09-21,Main Branch,Student,Graphic Novel,0.00,18.00
11379,2025-02-13,2025-02-27,2025-03-07,Main Branch,Adult,Audiobook,4.00,25.00
11380,2025-10-14,2025-10-21,2025-10-22,Main Branch,Student,DVD,0.50,20.00
11381,2025-11-18,2025-12-02,2025-11-28,South Branch,Student,Audiobook,0.00,18.00
11382,2025-06-09,2025-06-23,2025-06-23,North Branch,Adult,Graphic Novel,0.00,15.00
11383,2025-04-22,2025-05-06,2025-05-09,Main Branch,Senior,Graphic Novel,1.50,14.00
11384,2025-05-05,2025-05-19,2025-05-21,South Branch,Senior,Non-Fiction,1.00,45.00
11385,2025-06-24,2025-07-08,2025-07-14,North Branch,Teacher,Reference,3.00,95.00
11386,2025-05-02,2025-05-16,2025-05-23,Main Branch,Senior,Graphic Novel,3.50,16.00
11387,2025-08-25,2025-09-01,2025-08-31,North Branch,Adult,DVD,0.00,20.00
11388,2025-04-23,2025-05-07,2025-05-15,South Branch,Teacher,Reference,4.00,120.00
11389,2025-06-18,2025-07-02,2025-07-04,South Branch,Student,Graphic Novel,1.00,18.00
11390,2025-10-09,2025-10-23,2025-11-01,South Branch,Adult,Graphic Novel,4.50,18.00
11391,2025-07-21,2025-08-04,2025-07-31,South Branch,Senior,Audiobook,0.00,15.00
11392,2025-05-29,2025-06-12,2025-06-17,Main Branch,Adult,Non-Fiction,2.50,40.00
11393,2025-10-03,2025-10-17,2025-10-16,Main Branch,Adult,Graphic Novel,0.00,16.00
11394,2025-03-03,2025-03-10,2025-03-14,Main Branch,Teacher,DVD,2.00,15.00
11395,2025-10-22,2025-11-05,2025-11-06,North Branch,Teacher,Graphic Novel,0.50,15.00
11396,2025-05-08,2025-05-22,2025-05-30,Main Branch,Adult,Graphic Novel,4.00,16.00
11397,2025-11-10,2025-11-24,2025-11-22,Main Branch,Senior,Fiction,0.00,15.00
11398,2025-05-11,2025-05-25,2025-06-01,South Branch,Senior,Graphic Novel,3.50,15.00
11399,2025-04-11,2025-04-25,2025-05-04,North Branch,Senior,Reference,4.50,95.00
11400,2025-06-16,2025-06-30,2025-06-27,South Branch,Adult,Graphic Novel,0.00,14.00
11401,2025-01-15,2025-01-22,2025-01-22,Main Branch,Student,DVD,0.00,18.00
11402,2025-02-02,2025-02-16,2025-02-21,Main Branch,Adult,Reference,2.50,120.00
11403,2025-09-22,2025-10-06,2025-10-06,Main Branch,Student,Reference,0.00,120.00
11404,2025-04-13,2025-04-27,2025-04-29,South Branch,Teacher,Reference,1.00,95.00
11405,2025-09-12,2025-09-26,2025-09-28,North Branch,Senior,Graphic Novel,1.00,16.00
11406,2025-06-27,2025-07-11,2025-07-15,Main Branch,Adult,Fiction,2.00,28.00
11407,2025-04-02,2025-04-16,2025-04-21,North Branch,Teacher,Fiction,2.50,24.00
11408,2025-02-12,2025-02-26,2025-03-04,North Branch,Adult,Graphic Novel,3.00,15.00
11409,2025-10-12,2025-10-26,2025-10-23,Main Branch,Student,Non-Fiction,0.00,25.00
11410,2025-09-06,2025-09-20,2025-09-28,South Branch,Adult,Non-Fiction,4.00,25.00
11411,2025-01-16,2025-01-30,2025-01-30,Main Branch,Teacher,Graphic Novel,0.00,14.00
11412,2025-03-05,2025-03-19,2025-03-19,South Branch,Student,Graphic Novel,0.00,14.00
11413,2025-05-04,2025-05-18,2025-05-27,Main Branch,Teacher,Graphic Novel,4.50,14.00
11414,2025-05-22,2025-06-05,2025-06-08,North Branch,Adult,Fiction,1.50,28.00
11415,2025-05-07,2025-05-21,2025-05-22,North Branch,Teacher,Reference,0.50,150.00
11416,2025-09-06,2025-09-20,2025-09-29,North Branch,Adult,Fiction,4.50,28.00
11417,2025-02-11,2025-02-25,2025-02-21,North Branch,Senior,Reference,0.00,120.00
11418,2025-07-31,2025-08-14,2025-08-14,North Branch,Adult,Reference,0.00,85.00
11419,2025-06-21,2025-07-05,2025-07-06,South Branch,Senior,Audiobook,0.50,25.00
11420,2025-08-29,2025-09-12,2025-09-10,Main Branch,Senior,Fiction,0.00,28.00
11421,2025-08-23,2025-09-06,2025-09-03,North Branch,Student,Graphic Novel,0.00,16.00
11422,2025-10-28,2025-11-11,2025-11-09,South Branch,Senior,Audiobook,0.00,18.00
11423,2025-03-05,2025-03-19,2025-03-28,Main Branch,Adult,Reference,4.50,85.00
11424,2025-01-28,2025-02-11,2025-02-15,North Branch,Adult,Reference,2.00,95.00
11425,2025-10-11,2025-10-25,2025-10-21,North Branch,Adult,Graphic Novel,0.00,15.00
11426,2025-10-20,2025-11-03,2025-11-08,Main Branch,Senior,Non-Fiction,2.50,45.00
11427,2025-08-16,2025-08-30,2025-08-30,North Branch,Student,Reference,0.00,120.00
11428,2025-04-19,2025-05-03,2025-05-07,South Branch,Teacher,Graphic Novel,2.00,14.00
11429,2025-06-07,2025-06-21,2025-06-16,South Branch,Adult,Graphic Novel,0.00,14.00
11430,2025-06-29,2025-07-13,2025-07-08,South Branch,Adult,Audiobook,0.00,18.00
11431,2025-06-19,2025-07-03,2025-07-07,South Branch,Adult,Reference,2.00,95.00
11432,2025-03-29,2025-04-12,2025-04-16,North Branch,Student,Fiction,2.00,22.00
11433,2025-02-11,2025-02-25,2025-03-07,North Branch,Student,Fiction,5.00,24.00
11434,2025-05-18,2025-06-01,2025-05-28,South Branch,Teacher,Audiobook,0.00,18.00
11435,2025-01-15,2025-01-29,2025-02-08,North Branch,Senior,Audiobook,5.00,18.00
11436,2025-04-04,2025-04-18,2025-04-14,South Branch,Senior,Audiobook,0.00,20.00
11437,2025-10-25,2025-11-08,2025-11-08,South Branch,Teacher,Non-Fiction,0.00,45.00
11438,2025-03-01,2025-03-15,2025-03-17,Main Branch,Senior,Reference,1.00,85.00
11439,2025-11-05,2025-11-12,2025-11-22,South Branch,Adult,DVD,5.00,15.00
11440,2025-06-24,2025-07-08,2025-07-11,South Branch,Student,Reference,1.50,120.00
11441,2025-04-15,2025-04-29,2025-05-02,Main Branch,Teacher,Reference,1.50,95.00
11442,2025-03-28,2025-04-11,2025-04-16,North Branch,Teacher,Fiction,2.50,22.00
11443,2025-09-11,2025-09-25,2025-10-01,Main Branch,Teacher,Audiobook,3.00,15.00
11444,2025-11-16,2025-11-30,2025-12-10,South Branch,Adult,Graphic Novel,5.00,14.00
11445,2025-04-17,2025-05-01,2025-05-09,North Branch,Senior,Fiction,4.00,15.00
11446,2025-07-07,2025-07-21,2025-07-20,North Branch,Senior,Fiction,0.00,20.00
11447,2025-02-24,2025-03-10,2025-03-20,South Branch,Adult,Audiobook,5.00,20.00
11448,2025-05-09,2025-05-23,2025-05-31,South Branch,Senior,Non-Fiction,4.00,45.00
11449,2025-01-29,2025-02-12,2025-02-13,Main Branch,Senior,Reference,0.50,95.00
11450,2025-03-25,2025-04-08,2025-04-17,Main Branch,Student,Non-Fiction,4.50,30.00
11451,2025-07-09,2025-07-23,2025-07-19,North Branch,Adult,Non-Fiction,0.00,35.00
11452,2025-01-05,2025-01-12,2025-01-16,Main Branch,Teacher,DVD,2.00,15.00
11453,2025-05-08,2025-05-22,2025-05-28,Main Branch,Adult,Audiobook,3.00,15.00
11454,2025-10-27,2025-11-10,2025-11-07,South Branch,Student,Fiction,0.00,28.00
11455,2025-01-17,2025-01-31,2025-01-30,South Branch,Senior,Fiction,0.00,20.00
11456,2025-10-03,2025-10-17,2025-10-16,South Branch,Adult,Reference,0.00,85.00
11457,2025-08-05,2025-08-19,2025-08-21,South Branch,Adult,Reference,1.00,120.00
11458,2025-09-08,2025-09-15,2025-09-10,South Branch,Teacher,DVD,0.00,15.00
11459,2025-06-01,2025-06-15,2025-06-13,North Branch,Senior,Reference,0.00,150.00
11460,2025-11-21,2025-12-05,2025-12-08,South Branch,Teacher,Non-Fiction,1.50,30.00
11461,2025-05-02,2025-05-16,2025-05-20,Main Branch,Student,Audiobook,2.00,25.00
11462,2025-11-21,2025-12-05,2025-12-06,North Branch,Teacher,Graphic Novel,0.50,15.00
11463,2025-01-08,2025-01-15,2025-01-10,North Branch,Teacher,DVD,0.00,15.00
11464,2025-03-19,2025-04-02,2025-04-08,South Branch,Senior,Non-Fiction,3.00,45.00
11465,2025-01-13,2025-01-20,2025-01-24,South Branch,Student,DVD,2.00,20.00
11466,2025-02-19,2025-03-05,2025-03-14,Main Branch,Student,Reference,4.50,150.00
11467,2025-03-12,2025-03-19,2025-03-27,South Branch,Teacher,DVD,4.00,15.00
11468,2025-01-03,2025-01-17,2025-01-14,South Branch,Senior,Audiobook,0.00,15.00
11469,2025-08-02,2025-08-16,2025-08-24,South Branch,Teacher,Audiobook,4.00,18.00
11470,2025-02-03,2025-02-17,2025-02-13,Main Branch,Adult,Audiobook,0.00,20.00
11471,2025-03-22,2025-03-29,2025-03-30,North Branch,Adult,DVD,0.50,15.00
11472,2025-05-23,2025-06-06,2025-06-04,South Branch,Teacher,Reference,0.00,95.00
11473,2025-07-20,2025-07-27,2025-07-31,North Branch,Adult,DVD,2.00,20.00
11474,2025-06-24,2025-07-01,2025-06-27,Main Branch,Adult,DVD,0.00,20.00
11475,2025-02-27,2025-03-13,2025-03-23,North Branch,Student,Graphic Novel,5.00,18.00
11476,2025-06-05,2025-06-19,2025-06-16,North Branch,Teacher,Graphic Novel,0.00,15.00
11477,2025-07-20,2025-08-03,2025-08-02,South Branch,Senior,Non-Fiction,0.00,40.00
11478,2025-07-26,2025-08-09,2025-08-08,North Branch,Senior,Reference,0.00,150.00
11479,2025-10-01,2025-10-15,2025-10-17,South Branch,Adult,Fiction,1.00,28.00
11480,2025-08-11,2025-08-25,2025-08-20,North Branch,Student,Graphic Novel,0.00,16.00
11481,2025-09-13,2025-09-27,2025-09-24,Main Branch,Adult,Non-Fiction,0.00,35.00
11482,2025-03-20,2025-03-27,2025-03-30,North Branch,Student,DVD,1.50,18.00
11483,2025-10-26,2025-11-09,2025-11-06,South Branch,Senior,Fiction,0.00,28.00
11484,2025-06-08,2025-06-22,2025-06-29,North Branch,Teacher,Non-Fiction,3.50,40.00
11485,2025-08-12,2025-08-19,2025-08-23,North Branch,Student,DVD,2.00,20.00
11486,2025-01-27,2025-02-10,2025-02-17,South Branch,Senior,Audiobook,3.50,20.00
11487,2025-05-26,2025-06-09,2025-06-08,Main Branch,Student,Fiction,0.00,20.00
11488,2025-05-30,2025-06-13,2025-06-10,South Branch,Adult,Non-Fiction,0.00,40.00
11489,2025-09-22,2025-10-06,2025-10-15,South Branch,Adult,Fiction,4.50,22.00
11490,2025-02-11,2025-02-25,2025-02-24,Main Branch,Adult,Audiobook,0.00,20.00
11491,2025-06-16,2025-06-30,2025-06-30,Main Branch,Student,Fiction,0.00,20.00
11492,2025-01-22,2025-01-29,2025-02-05,South Branch,Senior,DVD,3.50,18.00
11493,2025-06-17,2025-07-01,2025-07-03,North Branch,Senior,Non-Fiction,1.00,40.00
11494,2025-02-17,2025-03-03,2025-03-12,Main Branch,Teacher,Audiobook,4.50,25.00
11495,2025-11-13,2025-11-27,2025-12-02,North Branch,Senior,Non-Fiction,2.50,30.00
11496,2025-01-23,2025-02-06,2025-02-15,South Branch,Teacher,Reference,4.50,95.00
11497,2025-08-23,2025-09-06,2025-09-13,North Branch,Teacher,Non-Fiction,3.50,35.00
11498,2025-07-09,2025-07-23,2025-07-28,North Branch,Teacher,Graphic Novel,2.50,18.00
11499,2025-01-19,2025-02-02,2025-01-28,North Branch,Student,Audiobook,0.00,25.00
11500,2025-10-17,2025-10-31,2025-11-05,North Branch,Student,Reference,2.50,85.00
11501,2025-08-25,2025-09-01,2025-08-31,Main Branch,Student,DVD,0.00,20.00
11502,2025-03-26,2025-04-09,2025-04-08,Main Branch,Adult,Reference,0.00,120.00
11503,2025-05-25,2025-06-08,2025-06-17,Main Branch,Teacher,Audiobook,4.50,20.00
11504,2025-04-07,2025-04-21,2025-04-28,South Branch,Adult,Fiction,3.50,28.00
11505,2025-09-20,2025-10-04,2025-10-10,North Branch,Teacher,Fiction,3.00,28.00
11506,2025-08-14,2025-08-28,2025-09-07,North Branch,Senior,Audiobook,5.00,15.00
11507,2025-11-29,2025-12-13,2025-12-22,North Branch,Adult,Graphic Novel,4.50,16.00
11508,2025-08-23,2025-09-06,2025-09-14,North Branch,Student,Graphic Novel,4.00,15.00
11509,2025-01-19,2025-02-02,2025-02-05,South Branch,Adult,Non-Fiction,1.50,35.00
11510,2025-04-27,2025-05-11,2025-05-18,South Branch,Teacher,Graphic Novel,3.50,15.00
11511,2025-02-26,2025-03-12,2025-03-12,Main Branch,Senior,Graphic Novel,0.00,14.00
11512,2025-11-19,2025-12-03,2025-12-03,Main Branch,Student,Audiobook,0.00,25.00
11513,2025-03-17,2025-03-31,2025-03-30,South Branch,Adult,Non-Fiction,0.00,35.00
11514,2025-05-19,2025-06-02,2025-06-12,Main Branch,Student,Non-Fiction,5.00,45.00
11515,2025-09-26,2025-10-10,2025-10-15,North Branch,Senior,Fiction,2.50,24.00
11516,2025-09-08,2025-09-22,2025-09-18,North Branch,Adult,Reference,0.00,120.00
11517,2025-03-18,2025-04-01,2025-04-04,Main Branch,Adult,Reference,1.50,85.00
11518,2025-03-28,2025-04-11,2025-04-20,South Branch,Adult,Non-Fiction,4.50,25.00
11519,2025-07-16,2025-07-30,2025-08-05,Main Branch,Adult,Non-Fiction,3.00,35.00
11520,2025-02-17,2025-03-03,2025-03-08,North Branch,Senior,Audiobook,2.50,15.00
11521,2025-07-30,2025-08-13,2025-08-19,South Branch,Adult,Non-Fiction,3.00,40.00
11522,2025-08-09,2025-08-16,2025-08-26,Main Branch,Student,DVD,5.00,18.00
11523,2025-09-14,2025-09-28,2025-10-04,Main Branch,Teacher,Graphic Novel,3.00,16.00
11524,2025-02-10,2025-02-24,2025-02-26,North Branch,Senior,Reference,1.00,95.00
11525,2025-03-29,2025-04-05,2025-04-09,North Branch,Senior,DVD,2.00,20.00
11526,2025-11-25,2025-12-02,2025-12-08,North Branch,Adult,DVD,3.00,18.00
11527,2025-10-14,2025-10-28,2025-11-01,North Branch,Student,Fiction,2.00,28.00
11528,2025-09-04,2025-09-11,2025-09-20,Main Branch,Student,DVD,4.50,18.00
11529,2025-11-29,2025-12-06,2025-12-01,South Branch,Teacher,DVD,0.00,15.00
11530,2025-11-26,2025-12-10,2025-12-10,North Branch,Student,Graphic Novel,0.00,14.00
11531,2025-08-27,2025-09-10,2025-09-07,Main Branch,Teacher,Audiobook,0.00,25.00
11532,2025-01-22,2025-01-29,2025-01-27,North Branch,Adult,DVD,0.00,20.00
11533,2025-06-05,2025-06-19,2025-06-29,Main Branch,Adult,Audiobook,5.00,25.00
11534,2025-10-15,2025-10-29,2025-10-26,North Branch,Senior,Reference,0.00,150.00
11535,2025-08-28,2025-09-11,2025-09-15,South Branch,Senior,Fiction,2.00,20.00
11536,2025-06-15,2025-06-29,2025-07-01,North Branch,Senior,Graphic Novel,1.00,15.00
11537,2025-06-19,2025-07-03,2025-07-07,North Branch,Student,Audiobook,2.00,25.00
11538,2025-02-08,2025-02-15,2025-02-20,North Branch,Adult,DVD,2.50,15.00
11539,2025-05-05,2025-05-19,2025-05-24,North Branch,Senior,Audiobook,2.50,25.00
11540,2025-07-18,2025-08-01,2025-07-29,South Branch,Senior,Reference,0.00,85.00
11541,2025-08-31,2025-09-14,2025-09-24,North Branch,Teacher,Reference,5.00,150.00
11542,2025-04-26,2025-05-10,2025-05-06,Main Branch,Adult,Reference,0.00,150.00
11543,2025-08-04,2025-08-18,2025-08-18,Main Branch,Senior,Fiction,0.00,22.00
11544,2025-05-02,2025-05-09,2025-05-16,North Branch,Teacher,DVD,3.50,15.00
11545,2025-11-23,2025-12-07,2025-12-11,Main Branch,Teacher,Fiction,2.00,24.00
11546,2025-08-31,2025-09-14,2025-09-23,South Branch,Senior,Audiobook,4.50,15.00
11547,2025-05-23,2025-05-30,2025-05-27,Main Branch,Adult,DVD,0.00,20.00
11548,2025-11-24,2025-12-08,2025-12-09,South Branch,Adult,Audiobook,0.50,25.00
11549,2025-11-11,2025-11-25,2025-11-20,North Branch,Adult,Graphic Novel,0.00,16.00
11550,2025-08-23,2025-09-06,2025-09-14,Main Branch,Senior,Non-Fiction,4.00,30.00
11551,2025-06-18,2025-07-02,2025-06-30,Main Branch,Student,Fiction,0.00,24.00
11552,2025-02-25,2025-03-11,2025-03-06,Main Branch,Adult,Audiobook,0.00,20.00
11553,2025-03-07,2025-03-21,2025-03-17,Main Branch,Teacher,Fiction,0.00,24.00
11554,2025-06-23,2025-07-07,2025-07-12,North Branch,Senior,Fiction,2.50,24.00
11555,2025-06-29,2025-07-13,2025-07-19,Main Branch,Teacher,Non-Fiction,3.00,45.00
11556,2025-07-25,2025-08-08,2025-08-06,Main Branch,Senior,Audiobook,0.00,20.00
11557,2025-02-25,2025-03-11,2025-03-11,South Branch,Student,Fiction,0.00,15.00
11558,2025-11-21,2025-12-05,2025-12-05,South Branch,Adult,Fiction,0.00,24.00
11559,2025-09-17,2025-09-24,2025-10-02,North Branch,Senior,DVD,4.00,15.00
11560,2025-02-11,2025-02-25,2025-02-21,Main Branch,Teacher,Fiction,0.00,20.00
11561,2025-06-03,2025-06-10,2025-06-05,Main Branch,Teacher,DVD,0.00,20.00
11562,2025-06-22,2025-07-06,2025-07-14,South Branch,Teacher,Non-Fiction,4.00,35.00
11563,2025-01-31,2025-02-07,2025-02-17,South Branch,Adult,DVD,5.00,20.00
11564,2025-06-14,2025-06-28,2025-06-28,North Branch,Teacher,Fiction,0.00,20.00
11565,2025-09-10,2025-09-24,2025-09-28,North Branch,Senior,Fiction,2.00,20.00
11566,2025-06-23,2025-07-07,2025-07-06,Main Branch,Senior,Reference,0.00,150.00
11567,2025-09-13,2025-09-20,2025-09-29,Main Branch,Senior,DVD,4.50,20.00
11568,2025-10-06,2025-10-20,2025-10-16,Main Branch,Teacher,Graphic Novel,0.00,15.00
11569,2025-02-17,2025-03-03,2025-03-09,North Branch,Senior,Fiction,3.00,20.00
11570,2025-01-16,2025-01-30,2025-01-28,South Branch,Student,Non-Fiction,0.00,40.00
11571,2025-07-16,2025-07-30,2025-07-28,North Branch,Senior,Audiobook,0.00,15.00
11572,2025-04-23,2025-05-07,2025-05-03,North Branch,Adult,Reference,0.00,95.00
11573,2025-11-04,2025-11-18,2025-11-13,Main Branch,Adult,Non-Fiction,0.00,35.00
11574,2025-09-03,2025-09-17,2025-09-27,North Branch,Student,Fiction,5.00,22.00
11575,2025-06-15,2025-06-29,2025-07-05,Main Branch,Teacher,Fiction,3.00,24.00
11576,2025-04-23,2025-05-07,2025-05-16,North Branch,Teacher,Graphic Novel,4.50,14.00
11577,2025-01-29,2025-02-12,2025-02-16,North Branch,Senior,Graphic Novel,2.00,14.00
11578,2025-10-13,2025-10-27,2025-10-26,North Branch,Teacher,Fiction,0.00,22.00
11579,2025-10-15,2025-10-29,2025-10-30,South Branch,Teacher,Fiction,0.50,20.00
11580,2025-08-09,2025-08-23,2025-08-27,South Branch,Adult,Fiction,2.00,28.00
11581,2025-07-06,2025-07-20,2025-07-27,South Branch,Student,Reference,3.50,150.00
11582,2025-11-24,2025-12-08,2025-12-11,North Branch,Teacher,Graphic Novel,1.50,15.00
11583,2025-04-21,2025-05-05,2025-05-10,North Branch,Student,Fiction,2.50,15.00
11584,2025-03-07,2025-03-21,2025-03-19,South Branch,Teacher,Graphic Novel,0.00,16.00
11585,2025-04-09,2025-04-23,2025-04-18,South Branch,Student,Audiobook,0.00,25.00
11586,2025-05-17,2025-05-31,2025-05-28,Main Branch,Adult,Reference,0.00,150.00
11587,2025-09-14,2025-09-28,2025-09-23,Main Branch,Teacher,Audiobook,0.00,25.00
11588,2025-03-03,2025-03-17,2025-03-13,South Branch,Senior,Reference,0.00,95.00
11589,2025-05-07,2025-05-21,2025-05-22,North Branch,Student,Audiobook,0.50,15.00
11590,2025-01-24,2025-02-07,2025-02-06,South Branch,Student,Non-Fiction,0.00,45.00
11591,2025-08-22,2025-09-05,2025-09-06,North Branch,Adult,Fiction,0.50,15.00
11592,2025-10-28,2025-11-11,2025-11-16,North Branch,Teacher,Reference,2.50,95.00
11593,2025-08-06,2025-08-20,2025-08-17,North Branch,Student,Audiobook,0.00,20.00
11594,2025-09-06,2025-09-20,2025-09-21,North Branch,Student,Audiobook,0.50,18.00
11595,2025-05-24,2025-06-07,2025-06-07,North Branch,Student,Reference,0.00,85.00
11596,2025-09-15,2025-09-29,2025-09-25,North Branch,Teacher,Fiction,0.00,22.00
11597,2025-08-15,2025-08-22,2025-09-01,South Branch,Senior,DVD,5.00,15.00
11598,2025-01-13,2025-01-27,2025-02-04,North Branch,Senior,Reference,4.00,85.00
11599,2025-10-11,2025-10-25,2025-10-26,North Branch,Teacher,Audiobook,0.50,18.00
11600,2025-08-18,2025-09-01,2025-09-07,Main Branch,Student,Non-Fiction,3.00,45.00
11601,2025-03-15,2025-03-29,2025-04-01,South Branch,Teacher,Graphic Novel,1.50,14.00
11602,2025-05-31,2025-06-14,2025-06-22,North Branch,Student,Reference,4.00,95.00
11603,2025-05-20,2025-06-03,2025-06-07,South Branch,Adult,Reference,2.00,85.00
11604,2025-09-06,2025-09-20,2025-09-30,Main Branch,Senior,Non-Fiction,5.00,35.00
11605,2025-02-27,2025-03-06,2025-03-11,South Branch,Senior,DVD,2.50,20.00
11606,2025-01-15,2025-01-29,2025-02-02,Main Branch,Student,Audiobook,2.00,18.00
11607,2025-08-05,2025-08-19,2025-08-17,South Branch,Student,Graphic Novel,0.00,14.00
11608,2025-04-12,2025-04-26,2025-05-03,North Branch,Teacher,Non-Fiction,3.50,30.00
11609,2025-03-05,2025-03-19,2025-03-21,Main Branch,Student,Audiobook,1.00,25.00
11610,2025-06-03,2025-06-17,2025-06-13,North Branch,Senior,Fiction,0.00,22.00
11611,2025-10-01,2025-10-15,2025-10-21,Main Branch,Teacher,Fiction,3.00,20.00
11612,2025-08-22,2025-09-05,2025-08-31,Main Branch,Student,Fiction,0.00,24.00
11613,2025-10-14,2025-10-28,2025-10-26,Main Branch,Senior,Graphic Novel,0.00,15.00
11614,2025-09-20,2025-10-04,2025-10-11,South Branch,Senior,Audiobook,3.50,25.00
11615,2025-05-17,2025-05-31,2025-06-01,South Branch,Teacher,Audiobook,0.50,25.00
11616,2025-03-01,2025-03-15,2025-03-17,Main Branch,Senior,Audiobook,1.00,15.00
11617,2025-05-28,2025-06-04,2025-06-09,Main Branch,Teacher,DVD,2.50,15.00
11618,2025-08-20,2025-09-03,2025-09-05,North Branch,Teacher,Non-Fiction,1.00,30.00
11619,2025-02-18,2025-03-04,2025-03-09,North Branch,Senior,Reference,2.50,85.00
11620,2025-02-09,2025-02-23,2025-02-26,Main Branch,Adult,Fiction,1.50,20.00
11621,2025-01-20,2025-02-03,2025-02-04,Main Branch,Student,Reference,0.50,150.00
11622,2025-09-06,2025-09-20,2025-09-30,South Branch,Teacher,Fiction,5.00,24.00
11623,2025-11-05,2025-11-19,2025-11-16,North Branch,Student,Audiobook,0.00,20.00
11624,2025-09-29,2025-10-13,2025-10-18,South Branch,Senior,Audiobook,2.50,15.00
11625,2025-08-11,2025-08-25,2025-08-21,Main Branch,Senior,Reference,0.00,120.00
11626,2025-07-28,2025-08-11,2025-08-07,North Branch,Senior,Fiction,0.00,15.00
11627,2025-05-26,2025-06-09,2025-06-10,North Branch,Teacher,Audiobook,0.50,18.00
11628,2025-09-30,2025-10-14,2025-10-16,South Branch,Adult,Audiobook,1.00,20.00
11629,2025-09-24,2025-10-08,2025-10-15,Main Branch,Adult,Fiction,3.50,24.00
11630,2025-02-11,2025-02-25,2025-03-04,South Branch,Adult,Audiobook,3.50,20.00
11631,2025-07-07,2025-07-21,2025-07-18,Main Branch,Adult,Reference,0.00,150.00
11632,2025-08-23,2025-08-30,2025-08-25,South Branch,Senior,DVD,0.00,15.00
11633,2025-09-22,2025-10-06,2025-10-03,North Branch,Senior,Reference,0.00,150.00
11634,2025-03-04,2025-03-11,2025-03-17,Main Branch,Student,DVD,3.00,15.00
11635,2025-03-03,2025-03-17,2025-03-15,South Branch,Student,Graphic Novel,0.00,14.00
11636,2025-11-04,2025-11-18,2025-11-20,South Branch,Senior,Non-Fiction,1.00,30.00
11637,2025-09-04,2025-09-18,2025-09-23,South Branch,Senior,Reference,2.50,120.00
11638,2025-08-21,2025-09-04,2025-08-30,North Branch,Adult,Non-Fiction,0.00,45.00
11639,2025-06-24,2025-07-08,2025-07-17,Main Branch,Student,Graphic Novel,4.50,18.00
11640,2025-03-23,2025-04-06,2025-04-13,Main Branch,Teacher,Audiobook,3.50,25.00
11641,2025-07-18,2025-08-01,2025-07-30,Main Branch,Adult,Graphic Novel,0.00,18.00
11642,2025-08-14,2025-08-28,2025-08-29,Main Branch,Adult,Reference,0.50,95.00
11643,2025-04-27,2025-05-04,2025-05-13,Main Branch,Student,DVD,4.50,20.00
11644,2025-09-09,2025-09-23,2025-09-28,Main Branch,Teacher,Fiction,2.50,28.00
11645,2025-11-12,2025-11-26,2025-11-22,Main Branch,Teacher,Graphic Novel,0.00,14.00
11646,2025-10-05,2025-10-19,2025-10-18,North Branch,Teacher,Fiction,0.00,28.00
11647,2025-08-20,2025-09-03,2025-09-01,Main Branch,Adult,Reference,0.00,85.00
11648,2025-04-07,2025-04-21,2025-05-01,North Branch,Teacher,Graphic Novel,5.00,18.00
11649,2025-04-13,2025-04-27,2025-05-07,Main Branch,Adult,Graphic Novel,5.00,14.00
11650,2025-11-11,2025-11-25,2025-11-28,Main Branch,Senior,Fiction,1.50,28.00
11651,2025-04-20,2025-05-04,2025-05-05,Main Branch,Teacher,Graphic Novel,0.50,18.00
11652,2025-09-20,2025-10-04,2025-10-07,Main Branch,Senior,Reference,1.50,150.00
11653,2025-08-25,2025-09-08,2025-09-16,Main Branch,Teacher,Non-Fiction,4.00,30.00
11654,2025-11-08,2025-11-22,2025-11-28,South Branch,Adult,Reference,3.00,85.00
11655,2025-10-15,2025-10-29,2025-11-06,North Branch,Teacher,Audiobook,4.00,25.00
11656,2025-05-03,2025-05-17,2025-05-19,South Branch,Senior,Fiction,1.00,28.00
11657,2025-10-11,2025-10-25,2025-10-25,South Branch,Adult,Fiction,0.00,24.00
11658,2025-07-11,2025-07-25,2025-07-23,South Branch,Adult,Reference,0.00,85.00
11659,2025-05-19,2025-06-02,2025-06-06,Main Branch,Teacher,Graphic Novel,2.00,16.00
11660,2025-01-24,2025-02-07,2025-02-06,Main Branch,Teacher,Fiction,0.00,24.00
11661,2025-07-21,2025-08-04,2025-08-03,Main Branch,Teacher,Non-Fiction,0.00,45.00
11662,2025-04-02,2025-04-16,2025-04-17,North Branch,Adult,Audiobook,0.50,25.00
11663,2025-03-12,2025-03-26,2025-03-22,Main Branch,Adult,Audiobook,0.00,20.00
11664,2025-08-16,2025-08-30,2025-09-05,South Branch,Teacher,Fiction,3.00,24.00
11665,2025-04-04,2025-04-11,2025-04-21,North Branch,Adult,DVD,5.00,20.00
11666,2025-02-03,2025-02-17,2025-02-19,Main Branch,Teacher,Non-Fiction,1.00,25.00
11667,2025-04-20,2025-05-04,2025-05-12,Main Branch,Adult,Audiobook,4.00,25.00
11668,2025-01-13,2025-01-27,2025-01-23,South Branch,Adult,Fiction,0.00,15.00
11669,2025-11-05,2025-11-19,2025-11-22,Main Branch,Student,Reference,1.50,120.00
11670,2025-07-21,2025-08-04,2025-08-04,North Branch,Senior,Graphic Novel,0.00,16.00
11671,2025-03-13,2025-03-27,2025-04-06,Main Branch,Senior,Graphic Novel,5.00,14.00
11672,2025-01-26,2025-02-09,2025-02-19,South Branch,Senior,Fiction,5.00,24.00
11673,2025-10-21,2025-11-04,2025-11-14,South Branch,Adult,Non-Fiction,5.00,30.00
11674,2025-07-11,2025-07-25,2025-07-21,Main Branch,Senior,Non-Fiction,0.00,35.00
11675,2025-10-18,2025-11-01,2025-11-05,North Branch,Student,Audiobook,2.00,25.00
11676,2025-06-29,2025-07-13,2025-07-16,Main Branch,Adult,Fiction,1.50,28.00
11677,2025-01-06,2025-01-20,2025-01-29,South Branch,Adult,Graphic Novel,4.50,14.00
11678,2025-08-04,2025-08-18,2025-08-24,North Branch,Student,Audiobook,3.00,18.00
11679,2025-11-29,2025-12-13,2025-12-13,South Branch,Teacher,Non-Fiction,0.00,30.00
11680,2025-06-23,2025-07-07,2025-07-15,South Branch,Student,Graphic Novel,4.00,16.00
11681,2025-11-26,2025-12-10,2025-12-17,Main Branch,Student,Fiction,3.50,24.00
11682,2025-07-08,2025-07-22,2025-07-22,South Branch,Adult,Fiction,0.00,28.00
11683,2025-10-13,2025-10-27,2025-11-04,Main Branch,Adult,Graphic Novel,4.00,18.00
11684,2025-07-24,2025-08-07,2025-08-17,Main Branch,Student,Reference,5.00,120.00
11685,2025-05-18,2025-05-25,2025-05-25,North Branch,Senior,DVD,0.00,15.00
11686,2025-07-16,2025-07-30,2025-07-30,South Branch,Student,Reference,0.00,95.00
11687,2025-09-08,2025-09-22,2025-09-19,Main Branch,Student,Fiction,0.00,22.00
11688,2025-03-29,2025-04-12,2025-04-09,South Branch,Student,Graphic Novel,0.00,15.00
11689,2025-07-30,2025-08-13,2025-08-09,North Branch,Student,Audiobook,0.00,18.00
11690,2025-07-17,2025-07-31,2025-07-26,North Branch,Senior,Graphic Novel,0.00,16.00
11691,2025-06-05,2025-06-12,2025-06-15,North Branch,Senior,DVD,1.50,18.00
11692,2025-01-29,2025-02-12,2025-02-14,North Branch,Adult,Graphic Novel,1.00,15.00
11693,2025-03-28,2025-04-11,2025-04-18,North Branch,Teacher,Graphic Novel,3.50,16.00
11694,2025-01-16,2025-01-30,2025-02-01,North Branch,Adult,Audiobook,1.00,20.00
11695,2025-04-03,2025-04-17,2025-04-21,Main Branch,Teacher,Reference,2.00,85.00
11696,2025-05-04,2025-05-11,2025-05-15,Main Branch,Student,DVD,2.00,15.00
11697,2025-02-05,2025-02-19,2025-03-01,Main Branch,Student,Fiction,5.00,24.00
11698,2025-10-15,2025-10-29,2025-10-31,Main Branch,Student,Audiobook,1.00,25.00
11699,2025-11-02,2025-11-16,2025-11-11,South Branch,Teacher,Audiobook,0.00,15.00
11700,2025-05-02,2025-05-16,2025-05-15,South Branch,Adult,Reference,0.00,95.00
11701,2025-06-21,2025-07-05,2025-07-06,North Branch,Senior,Fiction,0.50,24.00
11702,2025-12-01,2025-12-15,2025-12-14,Main Branch,Adult,Audiobook,0.00,18.00
11703,2025-03-08,2025-03-22,2025-03-24,North Branch,Student,Graphic Novel,1.00,14.00
11704,2025-07-09,2025-07-23,2025-07-19,Main Branch,Teacher,Fiction,0.00,24.00
11705,2025-01-21,2025-02-04,2025-02-11,South Branch,Adult,Graphic Novel,3.50,16.00
11706,2025-07-28,2025-08-04,2025-08-12,North Branch,Teacher,DVD,4.00,15.00
11707,2025-08-03,2025-08-17,2025-08-18,Main Branch,Student,Non-Fiction,0.50,30.00
11708,2025-09-07,2025-09-21,2025-09-21,North Branch,Adult,Fiction,0.00,24.00
11709,2025-06-28,2025-07-12,2025-07-14,South Branch,Adult,Audiobook,1.00,25.00
11710,2025-03-11,2025-03-25,2025-03-22,Main Branch,Senior,Reference,0.00,120.00
11711,2025-01-16,2025-01-30,2025-01-26,North Branch,Senior,Non-Fiction,0.00,35.00
11712,2025-03-07,2025-03-14,2025-03-23,Main Branch,Student,DVD,4.50,18.00
11713,2025-10-13,2025-10-27,2025-10-31,South Branch,Student,Fiction,2.00,22.00
11714,2025-07-13,2025-07-27,2025-07-30,South Branch,Student,Fiction,1.50,20.00
11715,2025-07-19,2025-08-02,2025-07-29,Main Branch,Teacher,Graphic Novel,0.00,18.00
11716,2025-06-09,2025-06-23,2025-07-02,South Branch,Adult,Non-Fiction,4.50,40.00
11717,2025-11-30,2025-12-07,2025-12-17,Main Branch,Adult,DVD,5.00,15.00
11718,2025-06-14,2025-06-28,2025-07-05,South Branch,Teacher,Fiction,3.50,15.00
11719,2025-09-11,2025-09-25,2025-09-24,South Branch,Adult,Fiction,0.00,22.00
11720,2025-10-29,2025-11-05,2025-11-11,North Branch,Senior,DVD,3.00,18.00
11721,2025-07-17,2025-07-31,2025-08-09,Main Branch,Student,Audiobook,4.50,15.00
11722,2025-11-29,2025-12-13,2025-12-22,North Branch,Senior,Non-Fiction,4.50,30.00
11723,2025-11-27,2025-12-11,2025-12-20,North Branch,Adult,Graphic Novel,4.50,18.00
11724,2025-03-15,2025-03-29,2025-03-27,South Branch,Adult,Non-Fiction,0.00,30.00
11725,2025-02-23,2025-03-09,2025-03-06,Main Branch,Senior,Graphic Novel,0.00,15.00
11726,2025-01-30,2025-02-06,2025-02-14,Main Branch,Student,DVD,4.00,18.00
11727,2025-08-08,2025-08-22,2025-08-25,North Branch,Teacher,Graphic Novel,1.50,16.00
11728,2025-03-26,2025-04-02,2025-04-09,South Branch,Teacher,DVD,3.50,15.00
11729,2025-10-07,2025-10-21,2025-10-19,South Branch,Adult,Fiction,0.00,22.00
11730,2025-04-17,2025-05-01,2025-04-30,Main Branch,Adult,Audiobook,0.00,18.00
11731,2025-05-29,2025-06-12,2025-06-07,South Branch,Senior,Reference,0.00,120.00
11732,2025-09-01,2025-09-15,2025-09-11,North Branch,Adult,Reference,0.00,150.00
11733,2025-03-26,2025-04-02,2025-03-28,South Branch,Student,DVD,0.00,18.00
11734,2025-10-23,2025-10-30,2025-10-28,South Branch,Senior,DVD,0.00,15.00
11735,2025-02-26,2025-03-12,2025-03-19,Main Branch,Senior,Graphic Novel,3.50,14.00
11736,2025-11-28,2025-12-12,2025-12-21,South Branch,Adult,Audiobook,4.50,18.00
11737,2025-10-09,2025-10-23,2025-10-21,Main Branch,Teacher,Audiobook,0.00,20.00
11738,2025-05-22,2025-06-05,2025-06-12,South Branch,Senior,Reference,3.50,150.00
11739,2025-08-05,2025-08-19,2025-08-20,North Branch,Adult,Fiction,0.50,22.00
11740,2025-06-15,2025-06-29,2025-06-30,South Branch,Student,Non-Fiction,0.50,40.00
11741,2025-09-01,2025-09-15,2025-09-10,Main Branch,Teacher,Reference,0.00,85.00
11742,2025-08-03,2025-08-10,2025-08-13,Main Branch,Student,DVD,1.50,18.00
11743,2025-02-03,2025-02-17,2025-02-22,South Branch,Student,Non-Fiction,2.50,30.00
11744,2025-01-28,2025-02-11,2025-02-16,North Branch,Senior,Non-Fiction,2.50,35.00
11745,2025-05-26,2025-06-09,2025-06-04,North Branch,Student,Non-Fiction,0.00,45.00
11746,2025-09-27,2025-10-11,2025-10-08,North Branch,Senior,Fiction,0.00,28.00
11747,2025-02-12,2025-02-26,2025-03-05,South Branch,Senior,Audiobook,3.50,18.00
11748,2025-07-10,2025-07-24,2025-07-20,South Branch,Teacher,Graphic Novel,0.00,18.00
11749,2025-02-22,2025-03-08,2025-03-17,North Branch,Senior,Graphic Novel,4.50,14.00
11750,2025-09-01,2025-09-15,2025-09-13,North Branch,Adult,Fiction,0.00,15.00
11751,2025-06-11,2025-06-25,2025-07-02,South Branch,Adult,Reference,3.50,85.00
11752,2025-08-12,2025-08-19,2025-08-25,North Branch,Senior,DVD,3.00,15.00
11753,2025-10-11,2025-10-25,2025-10-30,South Branch,Teacher,Fiction,2.50,20.00
11754,2025-02-16,2025-03-02,2025-03-02,North Branch,Student,Audiobook,0.00,18.00
11755,2025-04-21,2025-05-05,2025-05-09,South Branch,Senior,Reference,2.00,120.00
11756,2025-06-29,2025-07-13,2025-07-10,North Branch,Adult,Non-Fiction,0.00,30.00
11757,2025-09-17,2025-10-01,2025-10-10,South Branch,Teacher,Fiction,4.50,24.00
11758,2025-04-03,2025-04-17,2025-04-27,South Branch,Student,Reference,5.00,150.00
11759,2025-05-30,2025-06-13,2025-06-11,South Branch,Adult,Graphic Novel,0.00,18.00
11760,2025-08-15,2025-08-29,2025-09-07,Main Branch,Senior,Audiobook,4.50,18.00
11761,2025-11-05,2025-11-19,2025-11-22,Main Branch,Teacher,Audiobook,1.50,18.00
11762,2025-05-04,2025-05-18,2025-05-25,North Branch,Senior,Fiction,3.50,15.00
11763,2025-10-28,2025-11-11,2025-11-20,Main Branch,Student,Graphic Novel,4.50,18.00
11764,2025-10-27,2025-11-10,2025-11-12,Main Branch,Senior,Fiction,1.00,22.00
11765,2025-09-25,2025-10-09,2025-10-17,North Branch,Student,Audiobook,4.00,20.00
11766,2025-11-10,2025-11-24,2025-11-26,Main Branch,Student,Reference,1.00,85.00
11767,2025-09-06,2025-09-20,2025-09-15,South Branch,Senior,Non-Fiction,0.00,30.00
11768,2025-11-18,2025-12-02,2025-11-28,North Branch,Teacher,Fiction,0.00,22.00
11769,2025-11-27,2025-12-11,2025-12-10,South Branch,Student,Reference,0.00,120.00
11770,2025-08-04,2025-08-11,2025-08-19,North Branch,Adult,DVD,4.00,15.00
11771,2025-06-01,2025-06-15,2025-06-14,North Branch,Senior,Fiction,0.00,28.00
11772,2025-11-26,2025-12-10,2025-12-19,South Branch,Teacher,Fiction,4.50,20.00
11773,2025-07-20,2025-08-03,2025-08-10,Main Branch,Adult,Graphic Novel,3.50,15.00
11774,2025-02-22,2025-03-08,2025-03-05,North Branch,Senior,Audiobook,0.00,25.00
11775,2025-03-08,2025-03-22,2025-03-20,South Branch,Teacher,Graphic Novel,0.00,16.00
11776,2025-05-22,2025-06-05,2025-06-08,South Branch,Adult,Fiction,1.50,24.00
11777,2025-04-17,2025-05-01,2025-04-28,South Branch,Student,Audiobook,0.00,25.00
11778,2025-01-16,2025-01-30,2025-02-07,North Branch,Student,Audiobook,4.00,25.00
11779,2025-09-25,2025-10-02,2025-09-30,South Branch,Student,DVD,0.00,18.00
11780,2025-06-14,2025-06-28,2025-07-01,South Branch,Student,Reference,1.50,95.00
11781,2025-01-25,2025-02-08,2025-02-11,Main Branch,Student,Reference,1.50,150.00
11782,2025-03-19,2025-04-02,2025-03-31,Main Branch,Adult,Graphic Novel,0.00,18.00
11783,2025-03-11,2025-03-25,2025-03-24,Main Branch,Adult,Reference,0.00,150.00
11784,2025-09-23,2025-10-07,2025-10-13,North Branch,Teacher,Reference,3.00,85.00
11785,2025-09-29,2025-10-13,2025-10-23,Main Branch,Teacher,Fiction,5.00,28.00
11786,2025-07-07,2025-07-14,2025-07-16,North Branch,Senior,DVD,1.00,15.00
11787,2025-07-14,2025-07-21,2025-07-24,Main Branch,Adult,DVD,1.50,15.00
11788,2025-02-11,2025-02-25,2025-03-02,Main Branch,Senior,Reference,2.50,150.00
11789,2025-09-02,2025-09-16,2025-09-25,North Branch,Senior,Fiction,4.50,28.00
11790,2025-07-08,2025-07-22,2025-08-01,Main Branch,Senior,Graphic Novel,5.00,14.00
11791,2025-08-30,2025-09-13,2025-09-17,Main Branch,Senior,Fiction,2.00,24.00
11792,2025-07-07,2025-07-21,2025-07-31,North Branch,Teacher,Fiction,5.00,24.00
11793,2025-09-16,2025-09-30,2025-10-02,South Branch,Teacher,Fiction,1.00,28.00
11794,2025-06-21,2025-07-05,2025-07-12,North Branch,Student,Fiction,3.50,20.00
11795,2025-03-21,2025-04-04,2025-04-04,South Branch,Senior,Audiobook,0.00,20.00
11796,2025-07-08,2025-07-22,2025-07-28,South Branch,Teacher,Graphic Novel,3.00,14.00
11797,2025-05-20,2025-06-03,2025-06-03,Main Branch,Senior,Fiction,0.00,22.00
11798,2025-04-18,2025-05-02,2025-05-08,North Branch,Teacher,Graphic Novel,3.00,18.00
11799,2025-08-02,2025-08-16,2025-08-19,South Branch,Student,Audiobook,1.50,15.00
11800,2025-07-08,2025-07-15,2025-07-22,South Branch,Senior,DVD,3.50,20.00
11801,2025-04-24,2025-05-08,2025-05-07,Main Branch,Adult,Audiobook,0.00,18.00
11802,2025-03-21,2025-03-28,2025-04-02,South Branch,Senior,DVD,2.50,15.00
11803,2025-07-05,2025-07-19,2025-07-20,South Branch,Senior,Fiction,0.50,24.00
11804,2025-01-09,2025-01-23,2025-01-21,South Branch,Adult,Non-Fiction,0.00,30.00
11805,2025-07-01,2025-07-15,2025-07-13,Main Branch,Adult,Non-Fiction,0.00,30.00
11806,2025-06-04,2025-06-18,2025-06-19,Main Branch,Student,Audiobook,0.50,15.00
11807,2025-08-01,2025-08-15,2025-08-15,Main Branch,Student,Non-Fiction,0.00,45.00
11808,2025-04-17,2025-05-01,2025-05-09,North Branch,Adult,Reference,4.00,150.00
11809,2025-10-31,2025-11-14,2025-11-22,Main Branch,Teacher,Graphic Novel,4.00,14.00
11810,2025-05-02,2025-05-16,2025-05-24,South Branch,Student,Reference,4.00,120.00
11811,2025-10-14,2025-10-28,2025-11-05,South Branch,Senior,Reference,4.00,85.00
11812,2025-05-19,2025-06-02,2025-05-31,Main Branch,Student,Fiction,0.00,28.00
11813,2025-08-05,2025-08-19,2025-08-14,North Branch,Teacher,Graphic Novel,0.00,16.00
11814,2025-10-02,2025-10-09,2025-10-06,North Branch,Adult,DVD,0.00,18.00
11815,2025-05-11,2025-05-25,2025-06-01,South Branch,Teacher,Audiobook,3.50,20.00
11816,2025-11-13,2025-11-27,2025-11-24,South Branch,Senior,Audiobook,0.00,25.00
11817,2025-02-23,2025-03-02,2025-03-08,North Branch,Adult,DVD,3.00,18.00
11818,2025-07-07,2025-07-21,2025-07-31,North Branch,Student,Audiobook,5.00,15.00
11819,2025-09-15,2025-09-29,2025-10-03,Main Branch,Adult,Fiction,2.00,20.00
11820,2025-04-16,2025-04-30,2025-05-05,South Branch,Senior,Graphic Novel,2.50,18.00
11821,2025-02-25,2025-03-11,2025-03-10,North Branch,Adult,Fiction,0.00,22.00
11822,2025-02-19,2025-03-05,2025-03-12,South Branch,Teacher,Non-Fiction,3.50,35.00
11823,2025-02-25,2025-03-11,2025-03-11,South Branch,Senior,Non-Fiction,0.00,35.00
11824,2025-10-27,2025-11-03,2025-11-07,South Branch,Adult,DVD,2.00,20.00
11825,2025-10-02,2025-10-16,2025-10-17,North Branch,Teacher,Non-Fiction,0.50,35.00
11826,2025-06-24,2025-07-08,2025-07-12,North Branch,Student,Audiobook,2.00,18.00
11827,2025-01-01,2025-01-15,2025-01-24,North Branch,Senior,Fiction,4.50,28.00
11828,2025-11-27,2025-12-11,2025-12-12,North Branch,Adult,Graphic Novel,0.50,14.00
11829,2025-05-13,2025-05-20,2025-05-25,Main Branch,Student,DVD,2.50,20.00
11830,2025-07-23,2025-08-06,2025-08-06,South Branch,Senior,Graphic Novel,0.00,15.00
11831,2025-06-14,2025-06-28,2025-06-28,North Branch,Teacher,Reference,0.00,95.00
11832,2025-01-10,2025-01-24,2025-02-03,North Branch,Adult,Graphic Novel,5.00,18.00
11833,2025-10-23,2025-11-06,2025-11-12,Main Branch,Adult,Reference,3.00,150.00
11834,2025-06-22,2025-06-29,2025-07-04,South Branch,Senior,DVD,2.50,20.00
11835,2025-11-11,2025-11-25,2025-11-30,South Branch,Student,Graphic Novel,2.50,14.00
11836,2025-07-14,2025-07-28,2025-08-05,Main Branch,Senior,Audiobook,4.00,20.00
11837,2025-04-28,2025-05-05,2025-05-11,Main Branch,Adult,DVD,3.00,15.00
11838,2025-10-08,2025-10-22,2025-11-01,North Branch,Teacher,Audiobook,5.00,18.00
11839,2025-02-08,2025-02-22,2025-02-28,South Branch,Teacher,Reference,3.00,150.00
11840,2025-06-28,2025-07-12,2025-07-14,North Branch,Student,Fiction,1.00,15.00
11841,2025-02-02,2025-02-16,2025-02-24,Main Branch,Senior,Non-Fiction,4.00,45.00
11842,2025-10-28,2025-11-04,2025-11-04,South Branch,Teacher,DVD,0.00,18.00
11843,2025-03-23,2025-04-06,2025-04-14,Main Branch,Adult,Reference,4.00,95.00
11844,2025-02-25,2025-03-11,2025-03-11,North Branch,Adult,Fiction,0.00,20.00
11845,2025-03-27,2025-04-10,2025-04-05,Main Branch,Teacher,Audiobook,0.00,25.00
11846,2025-06-08,2025-06-15,2025-06-15,North Branch,Student,DVD,0.00,18.00
11847,2025-05-17,2025-05-31,2025-05-26,Main Branch,Adult,Fiction,0.00,20.00
11848,2025-01-13,2025-01-27,2025-01-26,South Branch,Teacher,Reference,0.00,95.00
11849,2025-01-12,2025-01-26,2025-02-01,South Branch,Student,Non-Fiction,3.00,30.00
11850,2025-07-21,2025-08-04,2025-08-13,North Branch,Student,Audiobook,4.50,18.00
11851,2025-07-19,2025-08-02,2025-07-30,North Branch,Teacher,Non-Fiction,0.00,40.00
11852,2025-01-24,2025-02-07,2025-02-07,Main Branch,Adult,Reference,0.00,95.00
11853,2025-04-15,2025-04-29,2025-04-28,South Branch,Senior,Fiction,0.00,20.00
11854,2025-05-07,2025-05-21,2025-05-25,Main Branch,Adult,Graphic Novel,2.00,15.00
11855,2025-07-18,2025-07-25,2025-08-03,South Branch,Senior,DVD,4.50,15.00
11856,2025-10-13,2025-10-27,2025-11-03,South Branch,Teacher,Non-Fiction,3.50,30.00
11857,2025-01-11,2025-01-25,2025-01-23,Main Branch,Student,Audiobook,0.00,25.00
11858,2025-09-24,2025-10-01,2025-09-26,Main Branch,Senior,DVD,0.00,18.00
11859,2025-11-21,2025-12-05,2025-12-12,South Branch,Adult,Non-Fiction,3.50,30.00
11860,2025-10-15,2025-10-29,2025-11-01,North Branch,Adult,Graphic Novel,1.50,16.00
11861,2025-07-29,2025-08-12,2025-08-09,North Branch,Senior,Fiction,0.00,28.00
11862,2025-03-08,2025-03-15,2025-03-21,North Branch,Teacher,DVD,3.00,15.00
11863,2025-01-27,2025-02-10,2025-02-12,Main Branch,Adult,Reference,1.00,120.00
11864,2025-10-02,2025-10-09,2025-10-08,North Branch,Student,DVD,0.00,20.00
11865,2025-05-22,2025-05-29,2025-06-07,Main Branch,Teacher,DVD,4.50,20.00
11866,2025-07-08,2025-07-15,2025-07-15,South Branch,Senior,DVD,0.00,20.00
11867,2025-03-10,2025-03-24,2025-03-21,North Branch,Adult,Fiction,0.00,22.00
11868,2025-01-02,2025-01-16,2025-01-20,North Branch,Senior,Fiction,2.00,22.00
11869,2025-04-06,2025-04-20,2025-04-29,Main Branch,Teacher,Graphic Novel,4.50,14.00
11870,2025-04-24,2025-05-08,2025-05-08,South Branch,Student,Reference,0.00,85.00
11871,2025-11-11,2025-11-18,2025-11-27,North Branch,Adult,DVD,4.50,18.00
11872,2025-11-09,2025-11-23,2025-12-03,North Branch,Senior,Fiction,5.00,28.00
11873,2025-02-01,2025-02-15,2025-02-20,Main Branch,Adult,Graphic Novel,2.50,16.00
11874,2025-06-01,2025-06-15,2025-06-21,Main Branch,Teacher,Graphic Novel,3.00,18.00
11875,2025-07-03,2025-07-17,2025-07-14,South Branch,Adult,Reference,0.00,95.00
11876,2025-09-07,2025-09-21,2025-09-30,Main Branch,Adult,Fiction,4.50,28.00
11877,2025-05-19,2025-06-02,2025-06-09,North Branch,Senior,Fiction,3.50,28.00
11878,2025-08-19,2025-09-02,2025-09-04,South Branch,Adult,Graphic Novel,1.00,18.00
11879,2025-09-10,2025-09-24,2025-09-21,South Branch,Senior,Graphic Novel,0.00,16.00
11880,2025-04-30,2025-05-14,2025-05-15,North Branch,Teacher,Graphic Novel,0.50,14.00
11881,2025-01-09,2025-01-16,2025-01-14,South Branch,Adult,DVD,0.00,20.00
11882,2025-08-23,2025-09-06,2025-09-02,Main Branch,Teacher,Fiction,0.00,22.00
11883,2025-01-06,2025-01-20,2025-01-24,South Branch,Teacher,Fiction,2.00,28.00
11884,2025-04-14,2025-04-28,2025-04-29,South Branch,Teacher,Audiobook,0.50,20.00
11885,2025-02-04,2025-02-18,2025-02-17,Main Branch,Student,Fiction,0.00,22.00
11886,2025-10-31,2025-11-14,2025-11-14,Main Branch,Student,Audiobook,0.00,15.00
11887,2025-10-20,2025-11-03,2025-11-03,South Branch,Adult,Graphic Novel,0.00,18.00
11888,2025-01-14,2025-01-28,2025-02-05,North Branch,Teacher,Graphic Novel,4.00,14.00
11889,2025-06-15,2025-06-29,2025-06-24,South Branch,Adult,Non-Fiction,0.00,35.00
11890,2025-03-08,2025-03-22,2025-03-24,Main Branch,Senior,Reference,1.00,85.00
11891,2025-10-13,2025-10-20,2025-10-25,South Branch,Teacher,DVD,2.50,20.00
11892,2025-10-15,2025-10-29,2025-10-24,North Branch,Senior,Fiction,0.00,24.00
11893,2025-01-01,2025-01-15,2025-01-20,Main Branch,Adult,Graphic Novel,2.50,15.00
11894,2025-09-15,2025-09-22,2025-09-17,Main Branch,Teacher,DVD,0.00,15.00
11895,2025-01-13,2025-01-27,2025-02-03,North Branch,Adult,Reference,3.50,150.00
11896,2025-11-19,2025-12-03,2025-12-11,South Branch,Student,Audiobook,4.00,15.00
11897,2025-07-27,2025-08-10,2025-08-08,Main Branch,Adult,Fiction,0.00,22.00
11898,2025-05-21,2025-06-04,2025-06-12,South Branch,Student,Audiobook,4.00,20.00
11899,2025-08-19,2025-09-02,2025-08-31,Main Branch,Student,Reference,0.00,85.00
11900,2025-09-29,2025-10-13,2025-10-12,South Branch,Senior,Fiction,0.00,24.00
11901,2025-04-26,2025-05-10,2025-05-10,South Branch,Senior,Fiction,0.00,24.00
11902,2025-04-25,2025-05-09,2025-05-06,Main Branch,Student,Graphic Novel,0.00,18.00
11903,2025-07-09,2025-07-23,2025-07-30,South Branch,Student,Audiobook,3.50,25.00
11904,2025-03-01,2025-03-15,2025-03-23,South Branch,Teacher,Audiobook,4.00,20.00
11905,2025-06-05,2025-06-19,2025-06-18,South Branch,Adult,Audiobook,0.00,20.00
11906,2025-01-29,2025-02-05,2025-02-04,North Branch,Senior,DVD,0.00,15.00
11907,2025-02-24,2025-03-10,2025-03-14,Main Branch,Adult,Graphic Novel,2.00,15.00
11908,2025-08-21,2025-09-04,2025-09-08,Main Branch,Adult,Non-Fiction,2.00,25.00
11909,2025-04-26,2025-05-10,2025-05-05,South Branch,Senior,Fiction,0.00,20.00
11910,2025-01-20,2025-01-27,2025-01-23,South Branch,Adult,DVD,0.00,15.00
11911,2025-01-05,2025-01-19,2025-01-23,North Branch,Senior,Graphic Novel,2.00,16.00
11912,2025-04-24,2025-05-08,2025-05-04,Main Branch,Adult,Non-Fiction,0.00,40.00
11913,2025-11-04,2025-11-18,2025-11-25,North Branch,Teacher,Non-Fiction,3.50,30.00
11914,2025-05-05,2025-05-19,2025-05-22,South Branch,Student,Reference,1.50,85.00
11915,2025-09-29,2025-10-13,2025-10-12,South Branch,Adult,Fiction,0.00,24.00
11916,2025-08-20,2025-09-03,2025-09-09,North Branch,Student,Graphic Novel,3.00,14.00
11917,2025-08-05,2025-08-19,2025-08-19,South Branch,Student,Fiction,0.00,24.00
11918,2025-07-01,2025-07-08,2025-07-12,Main Branch,Senior,DVD,2.00,20.00
11919,2025-08-24,2025-08-31,2025-09-02,South Branch,Student,DVD,1.00,18.00
11920,2025-06-04,2025-06-18,2025-06-15,North Branch,Teacher,Fiction,0.00,22.00
11921,2025-04-17,2025-05-01,2025-05-11,Main Branch,Student,Fiction,5.00,24.00
11922,2025-07-10,2025-07-24,2025-07-30,Main Branch,Adult,Graphic Novel,3.00,14.00
11923,2025-10-10,2025-10-24,2025-10-25,Main Branch,Student,Reference,0.50,120.00
11924,2025-02-21,2025-03-07,2025-03-16,Main Branch,Student,Graphic Novel,4.50,15.00
11925,2025-09-30,2025-10-14,2025-10-11,North Branch,Adult,Graphic Novel,0.00,15.00
11926,2025-10-11,2025-10-25,2025-10-24,North Branch,Adult,Graphic Novel,0.00,14.00
11927,2025-03-13,2025-03-27,2025-04-03,South Branch,Teacher,Audiobook,3.50,18.00
11928,2025-01-31,2025-02-07,2025-02-15,North Branch,Student,DVD,4.00,18.00
11929,2025-02-18,2025-03-04,2025-03-06,South Branch,Adult,Audiobook,1.00,15.00
11930,2025-06-17,2025-06-24,2025-06-23,North Branch,Senior,DVD,0.00,20.00
11931,2025-09-05,2025-09-12,2025-09-13,North Branch,Teacher,DVD,0.50,20.00
11932,2025-08-22,2025-09-05,2025-09-02,North Branch,Senior,Fiction,0.00,22.00
11933,2025-01-13,2025-01-27,2025-01-29,North Branch,Senior,Graphic Novel,1.00,18.00
11934,2025-05-18,2025-06-01,2025-05-28,Main Branch,Senior,Audiobook,0.00,15.00
11935,2025-06-24,2025-07-08,2025-07-18,South Branch,Teacher,Non-Fiction,5.00,25.00
11936,2025-05-12,2025-05-26,2025-05-25,Main Branch,Teacher,Graphic Novel,0.00,15.00
11937,2025-01-20,2025-02-03,2025-02-05,Main Branch,Student,Non-Fiction,1.00,30.00
11938,2025-08-22,2025-09-05,2025-08-31,North Branch,Senior,Audiobook,0.00,15.00
11939,2025-08-17,2025-08-31,2025-08-30,Main Branch,Teacher,Non-Fiction,0.00,45.00
11940,2025-03-04,2025-03-18,2025-03-20,South Branch,Adult,Graphic Novel,1.00,18.00
11941,2025-06-03,2025-06-10,2025-06-09,South Branch,Teacher,DVD,0.00,18.00
11942,2025-09-15,2025-09-29,2025-09-27,Main Branch,Student,Fiction,0.00,22.00
11943,2025-03-17,2025-03-31,2025-04-10,Main Branch,Adult,Fiction,5.00,22.00
11944,2025-06-18,2025-07-02,2025-07-08,South Branch,Student,Reference,3.00,85.00
11945,2025-03-19,2025-04-02,2025-03-28,Main Branch,Student,Audiobook,0.00,20.00
11946,2025-11-06,2025-11-20,2025-11-25,South Branch,Teacher,Reference,2.50,95.00
11947,2025-05-19,2025-05-26,2025-05-23,Main Branch,Teacher,DVD,0.00,18.00
11948,2025-11-25,2025-12-09,2025-12-16,South Branch,Teacher,Audiobook,3.50,15.00
11949,2025-06-24,2025-07-01,2025-07-08,Main Branch,Senior,DVD,3.50,18.00
11950,2025-11-12,2025-11-26,2025-12-03,North Branch,Senior,Reference,3.50,95.00
11951,2025-03-14,2025-03-28,2025-04-01,Main Branch,Teacher,Graphic Novel,2.00,14.00
11952,2025-03-28,2025-04-11,2025-04-06,Main Branch,Senior,Reference,0.00,120.00
11953,2025-01-07,2025-01-14,2025-01-18,South Branch,Senior,DVD,2.00,18.00
11954,2025-01-11,2025-01-25,2025-01-24,South Branch,Student,Audiobook,0.00,15.00
11955,2025-11-12,2025-11-19,2025-11-28,Main Branch,Student,DVD,4.50,15.00
11956,2025-04-19,2025-05-03,2025-04-30,South Branch,Student,Graphic Novel,0.00,15.00
11957,2025-03-27,2025-04-10,2025-04-11,North Branch,Teacher,Audiobook,0.50,18.00
11958,2025-09-22,2025-09-29,2025-10-03,Main Branch,Adult,DVD,2.00,18.00
11959,2025-04-09,2025-04-23,2025-04-20,South Branch,Senior,Non-Fiction,0.00,45.00
11960,2025-09-04,2025-09-18,2025-09-24,Main Branch,Student,Audiobook,3.00,15.00
11961,2025-05-17,2025-05-31,2025-06-02,South Branch,Senior,Audiobook,1.00,25.00
11962,2025-05-20,2025-06-03,2025-06-05,Main Branch,Student,Fiction,1.00,24.00
11963,2025-09-02,2025-09-16,2025-09-24,South Branch,Student,Graphic Novel,4.00,14.00
11964,2025-04-27,2025-05-11,2025-05-06,Main Branch,Senior,Audiobook,0.00,15.00
11965,2025-10-01,2025-10-15,2025-10-22,South Branch,Adult,Audiobook,3.50,20.00
11966,2025-10-18,2025-11-01,2025-11-09,North Branch,Senior,Non-Fiction,4.00,30.00
11967,2025-03-11,2025-03-18,2025-03-20,South Branch,Senior,DVD,1.00,20.00
11968,2025-03-02,2025-03-16,2025-03-16,South Branch,Student,Audiobook,0.00,18.00
11969,2025-09-09,2025-09-23,2025-10-02,North Branch,Adult,Non-Fiction,4.50,25.00
11970,2025-10-05,2025-10-19,2025-10-28,South Branch,Student,Fiction,4.50,28.00
11971,2025-10-26,2025-11-09,2025-11-16,South Branch,Senior,Graphic Novel,3.50,16.00
11972,2025-10-10,2025-10-24,2025-11-02,Main Branch,Student,Non-Fiction,4.50,45.00
11973,2025-01-07,2025-01-21,2025-01-20,North Branch,Adult,Reference,0.00,85.00
11974,2025-07-25,2025-08-08,2025-08-13,Main Branch,Senior,Reference,2.50,85.00
11975,2025-03-29,2025-04-05,2025-04-14,North Branch,Student,DVD,4.50,18.00
11976,2025-03-01,2025-03-15,2025-03-19,Main Branch,Student,Fiction,2.00,28.00
11977,2025-11-11,2025-11-25,2025-12-02,South Branch,Senior,Reference,3.50,120.00
11978,2025-07-06,2025-07-13,2025-07-19,South Branch,Senior,DVD,3.00,15.00
11979,2025-01-14,2025-01-28,2025-02-03,Main Branch,Adult,Fiction,3.00,24.00
11980,2025-07-30,2025-08-13,2025-08-21,Main Branch,Student,Non-Fiction,4.00,40.00
11981,2025-03-23,2025-04-06,2025-04-14,Main Branch,Teacher,Fiction,4.00,20.00
11982,2025-07-28,2025-08-11,2025-08-19,South Branch,Adult,Reference,4.00,150.00
11983,2025-10-22,2025-11-05,2025-11-07,North Branch,Student,Fiction,1.00,28.00
11984,2025-01-23,2025-02-06,2025-02-08,Main Branch,Senior,Audiobook,1.00,25.00
11985,2025-05-14,2025-05-28,2025-05-26,South Branch,Teacher,Non-Fiction,0.00,25.00
11986,2025-11-13,2025-11-20,2025-11-22,South Branch,Adult,DVD,1.00,20.00
11987,2025-05-23,2025-06-06,2025-06-03,Main Branch,Student,Reference,0.00,85.00
11988,2025-01-24,2025-02-07,2025-02-07,South Branch,Teacher,Graphic Novel,0.00,18.00
11989,2025-01-27,2025-02-10,2025-02-07,North Branch,Student,Audiobook,0.00,20.00
11990,2025-03-21,2025-03-28,2025-03-27,Main Branch,Senior,DVD,0.00,18.00
11991,2025-07-02,2025-07-16,2025-07-16,Main Branch,Adult,Reference,0.00,85.00
11992,2025-05-22,2025-05-29,2025-05-26,North Branch,Senior,DVD,0.00,20.00
11993,2025-08-08,2025-08-22,2025-08-20,North Branch,Adult,Non-Fiction,0.00,45.00
11994,2025-03-28,2025-04-11,2025-04-11,North Branch,Adult,Audiobook,0.00,20.00
11995,2025-09-28,2025-10-12,2025-10-14,North Branch,Teacher,Audiobook,1.00,18.00
11996,2025-05-09,2025-05-23,2025-05-23,North Branch,Senior,Fiction,0.00,15.00
11997,2025-08-03,2025-08-17,2025-08-15,Main Branch,Adult,Graphic Novel,0.00,15.00
11998,2025-04-26,2025-05-10,2025-05-10,North Branch,Student,Fiction,0.00,20.00
11999,2025-06-11,2025-06-18,2025-06-14,South Branch,Teacher,DVD,0.00,15.00
12000,2025-03-13,2025-03-27,2025-04-01,Main Branch,Adult,Audiobook,2.50,15.00
